pair,obs_contact,pred_contact,pdockq1,pdockq2,ptm_iptm
1BZ0_A_1BZ0_A,7,57,0.675,0.9570000000000001,0.941
1BZ0_A_1BZ0_B,57,58,0.6859999999999999,0.9590000000000001,0.938
1BZ0_B_1BZ0_B,0,55,0.6659999999999999,0.878,0.898
1CAX_A_1CAX_A,7,71,0.65,0.65,0.763
1CAX_A_1CAX_B,187,181,0.721,0.33799999999999997,0.807
1CAX_B_1CAX_B,0,97,0.672,0.281,0.779
1CPC_A_1CPC_A,71,90,0.71,0.8190000000000001,0.888
1CPC_A_1CPC_B,95,93,0.718,0.875,0.909
1CPC_B_1CPC_B,0,92,0.632,0.27,0.757
1DVF_A_1DVF_B,57,65,0.652,0.899,0.919
1DVF_A_1DVF_C,2,45,0.6579999999999999,0.875,0.898
1DVF_A_1DVF_D,3,64,0.618,0.845,0.922
1DVF_B_1DVF_C,2,63,0.6579999999999999,0.9259999999999999,0.9229999999999999
1DVF_B_1DVF_D,24,70,0.5770000000000001,0.655,0.9
1DVF_C_1DVF_D,61,70,0.632,0.759,0.917
1E8O_A_1E8O_A,0,78,0.505,0.552,0.76
1E8O_A_1E8O_B,97,112,0.6859999999999999,0.88,0.852
1F3D_H_1F3D_H,3,161,0.7090000000000001,0.382,0.812
1F3D_H_1F3D_L,125,126,0.726,0.779,0.843
1F3D_L_1F3D_L,7,99,0.642,0.037000000000000005,0.514
1FHJ_A_1FHJ_A,13,59,0.674,0.937,0.93
1FHJ_A_1FHJ_D,59,61,0.6779999999999999,0.943,0.93
1FHJ_D_1FHJ_D,5,50,0.674,0.897,0.899
1FVU_A_1FVU_A,9,119,0.444,0.075,0.626
1FVU_A_1FVU_D,119,136,0.677,0.565,0.8590000000000001
1FVU_D_1FVU_D,28,111,0.691,0.682,0.875
1G2C_A_1G2C_A,47,52,0.595,0.21,0.575
1G2C_A_1G2C_B,68,45,0.632,0.792,0.7490000000000001
1G2C_B_1G2C_B,17,46,0.049,0.019,0.261
1HIO_A_1HIO_B,132,189,0.725,0.904,0.937
1HIO_A_1HIO_C,0,139,0.675,0.435,0.816
1HIO_A_1HIO_D,0,144,0.6940000000000001,0.7140000000000001,0.8540000000000001
1HIO_B_1HIO_C,0,151,0.644,0.484,0.805
1HIO_B_1HIO_D,9,168,0.6659999999999999,0.361,0.81
1HIO_C_1HIO_D,124,154,0.7020000000000001,0.6940000000000001,0.87
1I85_A_1I85_A,56,21,0.16,0.040999999999999995,0.321
1I85_A_1I85_C,43,42,0.578,0.816,0.907
1I85_C_1I85_C,22,37,0.114,0.057999999999999996,0.475
1IGF_H_1IGF_H,0,181,0.7040000000000001,0.42700000000000005,0.826
1IGF_H_1IGF_L,126,135,0.726,0.741,0.835
1IGF_L_1IGF_L,33,96,0.6890000000000001,0.217,0.7090000000000001
1IXX_A_1IXX_A,9,131,0.654,0.375,0.779
1IXX_A_1IXX_B,131,136,0.7040000000000001,0.7559999999999999,0.887
1IXX_B_1IXX_B,17,121,0.6679999999999999,0.5329999999999999,0.872
1J05_H_1J05_H,30,45,0.522,0.494,0.7829999999999999
1J05_H_1J05_L,53,56,0.619,0.846,0.9179999999999999
1J05_L_1J05_L,0,42,0.63,0.892,0.898
1J40_B_1J40_B,0,55,0.6679999999999999,0.894,0.904
1J40_B_1J40_C,61,59,0.684,0.958,0.937
1J40_C_1J40_C,7,57,0.675,0.956,0.94
1JTH_A_1JTH_A,1,84,0.535,0.105,0.424
1JTH_A_1JTH_B,102,104,0.718,0.8959999999999999,0.78
1JTH_B_1JTH_B,7,63,0.183,0.095,0.45299999999999996
1KIL_A_1KIL_B,96,93,0.6990000000000001,0.903,0.79
1KIL_A_1KIL_C,6,75,0.6829999999999999,0.8340000000000001,0.7490000000000001
1KIL_A_1KIL_D,82,86,0.706,0.868,0.7879999999999999
1KIL_A_1KIL_E,33,33,0.342,0.134,0.40700000000000003
1KIL_B_1KIL_C,94,94,0.71,0.905,0.823
1KIL_B_1KIL_D,7,72,0.6759999999999999,0.733,0.7759999999999999
1KIL_B_1KIL_E,5,15,0.17800000000000002,0.185,0.37
1KIL_C_1KIL_D,79,85,0.7020000000000001,0.9209999999999999,0.82
1KIL_C_1KIL_E,0,34,0.16699999999999998,0.025,0.27899999999999997
1KIL_D_1KIL_E,0,52,0.31,0.11800000000000001,0.447
1MF2_H_1MF2_H,77,162,0.7190000000000001,0.48700000000000004,0.835
1MF2_H_1MF2_L,123,137,0.727,0.8290000000000001,0.915
1MF2_L_1MF2_L,17,109,0.682,0.061,0.645
1OED_A_1OED_A,0,71,0.073,0.031,0.406
1OED_A_1OED_B,44,344,0.478,0.027000000000000003,0.486
1OED_A_1OED_C,41,136,0.375,0.065,0.52
1OED_A_1OED_E,50,159,0.319,0.027999999999999997,0.467
1OED_B_1OED_C,43,131,0.542,0.14,0.552
1OED_B_1OED_E,0,140,0.391,0.032,0.434
1OED_C_1OED_E,0,142,0.35600000000000004,0.037000000000000005,0.409
1PG7_H_1PG7_H,1,112,0.6859999999999999,0.725,0.823
1PG7_H_1PG7_L,115,138,0.7290000000000001,0.8290000000000001,0.898
1PG7_H_1PG7_W,5,137,0.722,0.67,0.858
1PG7_H_1PG7_X,22,173,0.723,0.64,0.8220000000000001
1PG7_L_1PG7_L,18,115,0.72,0.618,0.754
1PG7_L_1PG7_W,14,114,0.7170000000000001,0.575,0.8170000000000001
1PG7_L_1PG7_X,20,133,0.728,0.856,0.857
1PG7_W_1PG7_W,0,123,0.716,0.541,0.773
1PG7_W_1PG7_X,137,132,0.7240000000000001,0.76,0.857
1PG7_X_1PG7_X,0,157,0.713,0.431,0.813
1QI8_A_1QI8_A,8,57,0.6709999999999999,0.9490000000000001,0.935
1QI8_A_1QI8_B,57,60,0.6859999999999999,0.9640000000000001,0.946
1QI8_B_1QI8_B,0,53,0.672,0.903,0.9159999999999999
1QSH_A_1QSH_A,8,57,0.674,0.953,0.9359999999999999
1QSH_A_1QSH_B,57,59,0.6859999999999999,0.956,0.938
1QSH_B_1QSH_B,0,55,0.665,0.878,0.8959999999999999
1R24_B_1R24_B,2,114,0.6509999999999999,0.259,0.7709999999999999
1R24_B_1R24_C,123,125,0.7240000000000001,0.861,0.885
1R24_C_1R24_C,11,100,0.7090000000000001,0.6920000000000001,0.856
1SDK_B_1SDK_B,12,55,0.667,0.888,0.902
1SDK_B_1SDK_C,59,60,0.6859999999999999,0.961,0.941
1SDK_C_1SDK_C,14,59,0.675,0.9570000000000001,0.941
1T60_A_1T60_A,165,169,0.727,0.871,0.93
1T60_A_1T60_C,173,166,0.725,0.797,0.893
1T60_C_1T60_C,32,176,0.723,0.6920000000000001,0.899
1UMR_A_1UMR_A,0,136,0.655,0.353,0.7759999999999999
1UMR_A_1UMR_C,124,121,0.655,0.478,0.84
1UMR_C_1UMR_C,6,99,0.62,0.40299999999999997,0.8190000000000001
1V4L_A_1V4L_A,28,108,0.652,0.425,0.8009999999999999
1V4L_A_1V4L_B,125,134,0.7040000000000001,0.79,0.9
1V4L_B_1V4L_B,0,109,0.55,0.21,0.725
1WT5_B_1WT5_B,21,65,0.436,0.15,0.541
1WT5_B_1WT5_C,59,58,0.619,0.778,0.8740000000000001
1WT5_C_1WT5_C,0,44,0.612,0.897,0.868
1WYU_A_1WYU_A,21,22,0.6,0.799,0.879
1WYU_A_1WYU_B,667,656,0.7390000000000001,0.878,0.958
1WYU_B_1WYU_B,48,48,0.677,0.867,0.92
1X9F_A_1X9F_A,0,53,0.583,0.6890000000000001,0.812
1X9F_A_1X9F_B,34,64,0.593,0.618,0.872
1X9F_A_1X9F_C,44,72,0.586,0.711,0.862
1X9F_A_1X9F_D,83,89,0.645,0.632,0.892
1X9F_B_1X9F_B,0,62,0.648,0.872,0.91
1X9F_B_1X9F_C,83,88,0.6920000000000001,0.826,0.92
1X9F_B_1X9F_D,0,68,0.6679999999999999,0.75,0.914
1X9F_C_1X9F_C,0,80,0.637,0.7390000000000001,0.8590000000000001
1X9F_C_1X9F_D,34,83,0.667,0.7759999999999999,0.9129999999999999
1X9F_D_1X9F_D,22,64,0.648,0.741,0.875
1XF4_H_1XF4_H,2,144,0.662,0.162,0.774
1XF4_H_1XF4_L,129,155,0.726,0.731,0.8490000000000001
1XF4_L_1XF4_L,0,108,0.7120000000000001,0.56,0.8059999999999999
1XK4_A_1XK4_A,12,95,0.649,0.7929999999999999,0.835
1XK4_A_1XK4_C,91,101,0.684,0.851,0.8909999999999999
1XK4_C_1XK4_C,17,133,0.637,0.294,0.818
1Y4G_A_1Y4G_A,6,57,0.674,0.9540000000000001,0.9390000000000001
1Y4G_A_1Y4G_B,57,60,0.685,0.963,0.9440000000000001
1Y4G_B_1Y4G_B,0,52,0.6679999999999999,0.905,0.9129999999999999
1Y4V_A_1Y4V_A,6,57,0.675,0.956,0.94
1Y4V_A_1Y4V_B,58,59,0.6859999999999999,0.9590000000000001,0.94
1Y4V_B_1Y4V_B,0,57,0.6729999999999999,0.9079999999999999,0.914
1Y74_A_1Y74_A,32,47,0.10400000000000001,0.1,0.40700000000000003
1Y74_A_1Y74_B,75,73,0.529,0.61,0.71
1Y74_B_1Y74_B,19,61,0.433,0.501,0.637
1Y76_A_1Y76_A,11,66,0.649,0.7709999999999999,0.768
1Y76_A_1Y76_B,80,74,0.6729999999999999,0.8079999999999999,0.8170000000000001
1Y76_B_1Y76_B,24,75,0.469,0.49200000000000005,0.6990000000000001
1Z6O_A_1Z6O_A,100,56,0.499,0.409,0.723
1Z6O_A_1Z6O_M,98,107,0.7170000000000001,0.77,0.929
1Z6O_M_1Z6O_M,55,74,0.519,0.105,0.7020000000000001
2A6J_B_2A6J_B,0,185,0.7120000000000001,0.515,0.809
2A6J_B_2A6J_L,157,137,0.727,0.81,0.856
2A6J_L_2A6J_L,0,135,0.555,0.019,0.34
2ACL_A_2ACL_A,54,63,0.6809999999999999,0.83,0.914
2ACL_A_2ACL_B,101,58,0.688,0.946,0.9259999999999999
2ACL_B_2ACL_B,6,61,0.677,0.8140000000000001,0.894
2AI0_H_2AI0_H,23,172,0.716,0.47200000000000003,0.8220000000000001
2AI0_H_2AI0_L,125,133,0.727,0.8420000000000001,0.867
2AI0_L_2AI0_L,3,107,0.6970000000000001,0.165,0.701
2BG9_A_2BG9_A,0,164,0.7120000000000001,0.134,0.6559999999999999
2BG9_A_2BG9_B,81,175,0.696,0.308,0.713
2BG9_A_2BG9_C,73,176,0.7140000000000001,0.44799999999999995,0.777
2BG9_A_2BG9_E,100,188,0.7120000000000001,0.429,0.769
2BG9_B_2BG9_C,115,171,0.705,0.337,0.7190000000000001
2BG9_B_2BG9_E,0,195,0.6779999999999999,0.094,0.7020000000000001
2BG9_C_2BG9_E,0,176,0.7020000000000001,0.273,0.723
2BKY_A_2BKY_A,58,56,0.626,0.9490000000000001,0.8640000000000001
2BKY_A_2BKY_X,54,56,0.616,0.9470000000000001,0.895
2BKY_X_2BKY_X,15,50,0.6,0.902,0.856
2BR2_A_2BR2_A,0,149,0.5710000000000001,0.031,0.6579999999999999
2BR2_A_2BR2_B,130,128,0.711,0.7709999999999999,0.893
2BR2_B_2BR2_B,4,92,0.685,0.39,0.856
2BSK_A_2BSK_A,0,31,0.132,0.035,0.27699999999999997
2BSK_A_2BSK_B,76,87,0.679,0.8059999999999999,0.8190000000000001
2BSK_B_2BSK_B,5,68,0.174,0.044000000000000004,0.318
2D1P_A_2D1P_A,84,79,0.6709999999999999,0.9329999999999999,0.8759999999999999
2D1P_A_2D1P_B,46,43,0.629,0.899,0.9059999999999999
2D1P_A_2D1P_C,44,42,0.5820000000000001,0.935,0.9259999999999999
2D1P_B_2D1P_B,22,54,0.451,0.361,0.7290000000000001
2D1P_B_2D1P_C,62,59,0.594,0.395,0.7809999999999999
2D1P_C_2D1P_C,13,50,0.455,0.514,0.763
2DN2_A_2DN2_A,8,57,0.675,0.956,0.94
2DN2_A_2DN2_B,57,60,0.6859999999999999,0.958,0.937
2DN2_B_2DN2_B,0,55,0.667,0.882,0.9
2F9I_A_2F9I_A,19,131,0.452,0.09,0.737
2F9I_A_2F9I_B,188,178,0.7290000000000001,0.8809999999999999,0.892
2F9I_B_2F9I_B,0,42,0.12300000000000001,0.031,0.402
2G75_A_2G75_A,8,201,0.7240000000000001,0.623,0.816
2G75_A_2G75_B,125,134,0.722,0.7290000000000001,0.82
2G75_B_2G75_B,0,116,0.7170000000000001,0.599,0.68
2GIA_A_2GIA_A,0,76,0.38299999999999995,0.044000000000000004,0.5920000000000001
2GIA_A_2GIA_B,64,72,0.629,0.638,0.7959999999999999
2GIA_B_2GIA_B,0,100,0.249,0.013999999999999999,0.35100000000000003
2GID_A_2GID_A,0,127,0.39399999999999996,0.027999999999999997,0.637
2GID_A_2GID_D,66,73,0.627,0.687,0.7979999999999999
2GID_D_2GID_D,2,69,0.35100000000000003,0.019,0.366
2GJX_A_2GJX_A,35,127,0.716,0.9390000000000001,0.95
2GJX_A_2GJX_B,110,127,0.713,0.92,0.953
2GJZ_H_2GJZ_H,0,127,0.685,0.36700000000000005,0.639
2GJZ_H_2GJZ_L,135,139,0.726,0.835,0.8959999999999999
2GJZ_L_2GJZ_L,1,100,0.6890000000000001,0.187,0.705
2GSG_A_2GSG_A,21,36,0.435,0.7559999999999999,0.785
2GSG_A_2GSG_B,49,47,0.6679999999999999,0.8859999999999999,0.912
2GSG_B_2GSG_B,12,61,0.37799999999999995,0.085,0.5579999999999999
2H4C_A_2H4C_A,0,80,0.675,0.586,0.8809999999999999
2H4C_A_2H4C_B,80,42,0.135,0.021,0.289
2H4C_B_2H4C_B,0,46,0.226,0.018000000000000002,0.273
2H8F_A_2H8F_A,9,47,0.594,0.5489999999999999,0.8059999999999999
2H8F_A_2H8F_B,51,55,0.649,0.888,0.897
2H8F_B_2H8F_B,0,51,0.665,0.934,0.9109999999999999
2HHB_A_2HHB_A,7,57,0.674,0.955,0.94
2HHB_A_2HHB_B,59,59,0.685,0.9520000000000001,0.934
2HHB_B_2HHB_B,0,55,0.6659999999999999,0.871,0.893
2HYB_A_2HYB_A,75,78,0.679,0.863,0.904
2HYB_A_2HYB_B,46,46,0.636,0.8290000000000001,0.893
2HYB_A_2HYB_C,49,51,0.639,0.907,0.935
2HYB_B_2HYB_B,0,41,0.055,0.054000000000000006,0.43
2HYB_B_2HYB_C,62,55,0.519,0.455,0.79
2HYB_C_2HYB_C,7,45,0.478,0.623,0.785
2IO4_A_2IO4_A,0,15,0.122,0.013000000000000001,0.273
2IO4_A_2IO4_B,48,48,0.616,0.914,0.8859999999999999
2IO4_B_2IO4_B,18,38,0.496,0.258,0.727
2OF5_A_2OF5_A,33,34,0.158,0.035,0.301
2OF5_A_2OF5_H,32,20,0.331,0.951,0.847
2OF5_H_2OF5_H,30,25,0.392,0.172,0.6729999999999999
2QL2_A_2QL2_A,0,57,0.652,0.889,0.885
2QL2_A_2QL2_B,58,58,0.653,0.958,0.9
2R80_A_2R80_A,12,54,0.68,0.948,0.922
2R80_A_2R80_B,58,54,0.6629999999999999,0.9279999999999999,0.914
2R80_B_2R80_B,13,59,0.664,0.894,0.894
2VYN_A_2VYN_A,138,145,0.727,0.284,0.8240000000000001
2VYN_A_2VYN_D,136,150,0.723,0.267,0.8140000000000001
2W72_A_2W72_B,59,62,0.685,0.961,0.946
2W72_A_2W72_C,9,59,0.675,0.963,0.9470000000000001
2W72_B_2W72_B,0,54,0.672,0.9129999999999999,0.915
2W72_B_2W72_C,60,62,0.685,0.9620000000000001,0.946
2WNR_A_2WNR_A,0,88,0.622,0.48700000000000004,0.831
2WNR_A_2WNR_B,94,99,0.688,0.742,0.8859999999999999
2WNR_B_2WNR_B,0,57,0.643,0.483,0.794
2XQL_A_2XQL_A,17,151,0.6970000000000001,0.604,0.855
2XQL_A_2XQL_B,176,190,0.723,0.885,0.941
2XQL_B_2XQL_B,1,198,0.667,0.49200000000000005,0.774
2YFW_A_2YFW_A,31,172,0.35600000000000004,0.162,0.6679999999999999
2YFW_A_2YFW_B,155,165,0.701,0.7170000000000001,0.857
2YFW_B_2YFW_B,25,157,0.391,0.075,0.564
2YMS_A_2YMS_B,0,44,0.405,0.12300000000000001,0.73
2YMS_A_2YMS_C,53,63,0.521,0.06,0.613
2YMS_A_2YMS_D,42,63,0.536,0.139,0.7140000000000001
2YMS_B_2YMS_C,46,50,0.502,0.096,0.596
2YMS_B_2YMS_D,40,49,0.44,0.067,0.547
2YMS_C_2YMS_D,0,62,0.126,0.016,0.23199999999999998
2Z5I_C_2Z5I_C,70,73,0.677,0.898,0.812
2Z5I_C_2Z5I_I,8,53,0.64,0.8640000000000001,0.818
2Z5I_I_2Z5I_I,47,57,0.621,0.878,0.7559999999999999
2ZS0_A_2ZS0_B,0,65,0.6679999999999999,0.87,0.909
2ZS0_A_2ZS0_C,32,87,0.674,0.6759999999999999,0.902
2ZS0_A_2ZS0_D,70,66,0.639,0.838,0.917
2ZS0_B_2ZS0_C,84,80,0.6759999999999999,0.759,0.912
2ZS0_B_2ZS0_D,38,80,0.68,0.755,0.9129999999999999
2ZS0_C_2ZS0_D,11,62,0.622,0.7829999999999999,0.895
3AEK_A_3AEK_A,0,65,0.529,0.083,0.634
3AEK_A_3AEK_B,154,165,0.728,0.866,0.9059999999999999
3AEK_B_3AEK_B,61,107,0.62,0.036000000000000004,0.823
3AIZ_A_3AIZ_A,2,55,0.45299999999999996,0.040999999999999995,0.59
3AIZ_A_3AIZ_C,51,46,0.5920000000000001,0.9,0.87
3AIZ_C_3AIZ_C,0,30,0.221,0.038,0.507
3AJV_A_3AJV_A,0,90,0.5870000000000001,0.299,0.645
3AJV_A_3AJV_B,102,106,0.7020000000000001,0.935,0.8859999999999999
3AJV_B_3AJV_B,27,94,0.5329999999999999,0.509,0.7190000000000001
3AMJ_B_3AMJ_B,0,84,0.7,0.32799999999999996,0.789
3AMJ_B_3AMJ_C,167,168,0.732,0.795,0.912
3AMJ_C_3AMJ_C,92,91,0.7170000000000001,0.858,0.9229999999999999
3AOE_A_3AOE_A,96,100,0.716,0.7190000000000001,0.868
3AOE_A_3AOE_E,53,100,0.629,0.043,0.6579999999999999
3AOE_E_3AOE_E,87,94,0.695,0.179,0.787
3B07_A_3B07_A,3,70,0.513,0.018000000000000002,0.35700000000000004
3B07_A_3B07_B,166,99,0.7020000000000001,0.519,0.887
3B07_B_3B07_B,5,57,0.473,0.011000000000000001,0.214
3B5N_A_3B5N_A,0,74,0.433,0.105,0.405
3B5N_A_3B5N_B,113,107,0.71,0.8859999999999999,0.82
3B5N_A_3B5N_C,6,82,0.26899999999999996,0.038,0.35
3B5N_A_3B5N_D,78,76,0.7070000000000001,0.9420000000000001,0.843
3B5N_B_3B5N_B,0,77,0.289,0.055,0.373
3B5N_B_3B5N_C,115,109,0.7190000000000001,0.904,0.8109999999999999
3B5N_B_3B5N_D,11,86,0.602,0.41700000000000004,0.637
3B5N_C_3B5N_C,0,83,0.401,0.057,0.387
3B5N_C_3B5N_D,88,86,0.715,0.893,0.865
3B5N_D_3B5N_D,3,72,0.409,0.18,0.462
3BLX_A_3BLX_A,44,189,0.725,0.7559999999999999,0.9279999999999999
3BLX_A_3BLX_B,158,179,0.723,0.769,0.92
3BLX_B_3BLX_B,18,155,0.713,0.83,0.915
3BOM_A_3BOM_A,7,48,0.675,0.943,0.93
3BOM_A_3BOM_B,58,57,0.68,0.95,0.932
3BOM_B_3BOM_B,0,63,0.6779999999999999,0.8909999999999999,0.9079999999999999
3BX4_A_3BX4_A,50,135,0.584,0.196,0.7020000000000001
3BX4_A_3BX4_B,127,129,0.715,0.888,0.895
3BX4_B_3BX4_B,0,108,0.6990000000000001,0.7879999999999999,0.7859999999999999
3CK4_B_3CK4_B,44,54,0.531,0.79,0.762
3CK4_B_3CK4_D,53,49,0.569,0.8959999999999999,0.784
3CK4_D_3CK4_D,32,54,0.524,0.774,0.759
3CMO_H_3CMO_H,0,146,0.67,0.293,0.701
3CMO_H_3CMO_L,134,119,0.723,0.809,0.862
3CMO_L_3CMO_L,35,92,0.7120000000000001,0.536,0.8170000000000001
3EJ9_A_3EJ9_A,38,79,0.59,0.599,0.7440000000000001
3EJ9_A_3EJ9_B,80,92,0.6890000000000001,0.851,0.892
3EJ9_B_3EJ9_B,37,62,0.635,0.7759999999999999,0.732
3FC6_C_3FC6_C,20,58,0.6970000000000001,0.9570000000000001,0.9179999999999999
3FC6_C_3FC6_D,80,58,0.6859999999999999,0.948,0.897
3FC6_D_3FC6_D,0,59,0.645,0.23,0.852
3GPR_A_3GPR_B,94,118,0.579,0.35100000000000003,0.782
3GPR_A_3GPR_C,51,131,0.619,0.29600000000000004,0.775
3GPR_A_3GPR_D,7,145,0.643,0.457,0.8220000000000001
3GPR_B_3GPR_C,7,109,0.457,0.081,0.652
3GPR_B_3GPR_D,1,117,0.49200000000000005,0.113,0.6609999999999999
3GPR_C_3GPR_D,104,124,0.659,0.499,0.838
3GTU_A_3GTU_A,14,68,0.713,0.971,0.9620000000000001
3GTU_A_3GTU_B,69,69,0.711,0.973,0.961
3GTU_B_3GTU_B,0,70,0.713,0.9620000000000001,0.943
3GUT_A_3GUT_A,0,37,0.526,0.955,0.895
3GUT_A_3GUT_D,39,36,0.509,0.95,0.879
3HE4_A_3HE4_A,13,86,0.6970000000000001,0.904,0.8079999999999999
3HE4_A_3HE4_B,57,58,0.65,0.922,0.8009999999999999
3HE4_B_3HE4_B,0,57,0.637,0.86,0.726
3HFA_H_3HFA_H,50,53,0.606,0.40700000000000003,0.78
3HFA_H_3HFA_Y,28,18,0.493,0.856,0.845
3HFA_Y_3HFA_Y,50,143,0.614,0.013000000000000001,0.203
3IYG_A_3IYG_B,3,173,0.6459999999999999,0.054000000000000006,0.6940000000000001
3IYG_A_3IYG_D,0,171,0.664,0.075,0.6970000000000001
3IYG_A_3IYG_E,3,160,0.669,0.154,0.769
3IYG_A_3IYG_G,0,185,0.706,0.23,0.8109999999999999
3IYG_A_3IYG_H,221,181,0.586,0.055999999999999994,0.68
3IYG_A_3IYG_Q,0,131,0.623,0.094,0.7290000000000001
3IYG_A_3IYG_Z,148,160,0.648,0.129,0.777
3IYG_B_3IYG_D,0,182,0.71,0.322,0.802
3IYG_B_3IYG_E,0,167,0.6709999999999999,0.174,0.77
3IYG_B_3IYG_G,117,150,0.611,0.066,0.6679999999999999
3IYG_B_3IYG_H,0,170,0.6509999999999999,0.115,0.759
3IYG_B_3IYG_Q,5,156,0.618,0.086,0.748
3IYG_B_3IYG_Z,175,155,0.561,0.054000000000000006,0.6709999999999999
3IYG_D_3IYG_E,169,161,0.669,0.147,0.7170000000000001
3IYG_D_3IYG_G,7,116,0.5720000000000001,0.096,0.6759999999999999
3IYG_D_3IYG_H,0,166,0.6559999999999999,0.13,0.755
3IYG_D_3IYG_Q,173,180,0.66,0.134,0.7659999999999999
3IYG_D_3IYG_Z,0,173,0.5379999999999999,0.025,0.6
3IYG_E_3IYG_G,1,190,0.68,0.067,0.7240000000000001
3IYG_E_3IYG_H,153,185,0.7040000000000001,0.326,0.813
3IYG_E_3IYG_Q,12,142,0.624,0.075,0.693
3IYG_E_3IYG_Z,0,119,0.607,0.051,0.6829999999999999
3IYG_G_3IYG_H,0,93,0.489,0.045,0.608
3IYG_G_3IYG_Q,132,184,0.649,0.036000000000000004,0.64
3IYG_G_3IYG_Z,1,181,0.7020000000000001,0.33799999999999997,0.82
3IYG_H_3IYG_Q,0,181,0.6990000000000001,0.28600000000000003,0.8
3IYG_H_3IYG_Z,1,168,0.595,0.054000000000000006,0.721
3IYG_Q_3IYG_Z,0,123,0.659,0.244,0.78
3J2Y_B_3J2Y_B,0,93,0.633,0.166,0.682
3J2Y_B_3J2Y_C,106,125,0.727,0.8390000000000001,0.855
3J2Y_C_3J2Y_C,2,106,0.7090000000000001,0.512,0.8220000000000001
3J6E_A_3J6E_A,19,75,0.41200000000000003,0.011000000000000001,0.24
3J6E_A_3J6E_B,105,69,0.679,0.585,0.904
3J6E_B_3J6E_B,23,65,0.654,0.48200000000000004,0.872
3J6F_A_3J6F_A,23,74,0.5,0.013000000000000001,0.43
3J6F_A_3J6F_B,109,68,0.6829999999999999,0.63,0.9129999999999999
3J6F_B_3J6F_B,24,60,0.65,0.536,0.873
3J7E_H_3J7E_H,0,29,0.33399999999999996,0.20600000000000002,0.581
3J7E_H_3J7E_L,86,51,0.638,0.8270000000000001,0.91
3J7E_L_3J7E_L,3,47,0.6679999999999999,0.8370000000000001,0.905
3JA8_2_3JA8_3,6,207,0.611,0.045,0.536
3JA8_2_3JA8_4,0,222,0.642,0.032,0.55
3JA8_2_3JA8_5,253,257,0.691,0.049,0.604
3JA8_2_3JA8_6,162,276,0.682,0.03,0.5770000000000001
3JA8_2_3JA8_7,0,215,0.6759999999999999,0.039,0.569
3JA8_3_3JA8_4,0,215,0.649,0.03,0.557
3JA8_3_3JA8_5,253,287,0.7120000000000001,0.159,0.636
3JA8_3_3JA8_6,0,223,0.578,0.013999999999999999,0.513
3JA8_3_3JA8_7,236,275,0.6970000000000001,0.042,0.606
3JA8_4_3JA8_5,0,231,0.647,0.023,0.545
3JA8_4_3JA8_6,279,337,0.7,0.068,0.625
3JA8_4_3JA8_7,251,266,0.715,0.122,0.599
3JA8_5_3JA8_6,0,165,0.5710000000000001,0.013000000000000001,0.535
3JA8_5_3JA8_7,0,242,0.644,0.017,0.593
3JA8_6_3JA8_7,10,192,0.635,0.046,0.541
3JBB_A_3JBB_A,0,94,0.6990000000000001,0.583,0.813
3JBB_A_3JBB_B,89,96,0.715,0.812,0.8909999999999999
3JBB_B_3JBB_B,7,96,0.7170000000000001,0.831,0.905
3KDF_A_3KDF_A,9,43,0.257,0.11800000000000001,0.564
3KDF_A_3KDF_D,79,84,0.696,0.8270000000000001,0.919
3KDF_D_3KDF_D,13,32,0.174,0.036000000000000004,0.311
3KRA_A_3KRA_A,3,157,0.725,0.912,0.9229999999999999
3KRA_A_3KRA_B,175,174,0.727,0.88,0.9229999999999999
3KRA_B_3KRA_B,0,168,0.721,0.7859999999999999,0.914
3KRO_A_3KRO_A,3,151,0.725,0.919,0.925
3KRO_A_3KRO_B,178,171,0.726,0.8759999999999999,0.924
3KRO_B_3KRO_B,0,168,0.72,0.7909999999999999,0.915
3M91_A_3M91_A,61,61,0.677,0.9309999999999999,0.8029999999999999
3M91_A_3M91_B,30,52,0.28800000000000003,0.031,0.321
3M91_B_3M91_B,0,38,0.506,0.804,0.69
3MEZ_A_3MEZ_A,0,101,0.685,0.6,0.9009999999999999
3MEZ_A_3MEZ_B,113,116,0.693,0.7829999999999999,0.909
3MEZ_B_3MEZ_B,46,110,0.6459999999999999,0.297,0.852
3MI0_2_3MI0_2,71,51,0.603,0.392,0.7709999999999999
3MI0_2_3MI0_A,30,18,0.488,0.79,0.8190000000000001
3MI0_A_3MI0_A,59,119,0.594,0.012,0.192
3MM5_A_3MM5_A,12,14,0.17600000000000002,0.47700000000000004,0.8
3MM5_A_3MM5_B,431,355,0.738,0.846,0.93
3MM5_B_3MM5_B,43,24,0.19899999999999998,0.255,0.774
3MOP_A_3MOP_A,43,166,0.715,0.664,0.708
3MOP_A_3MOP_G,36,35,0.49,0.945,0.885
3MOP_A_3MOP_K,0,54,0.11,0.015,0.22399999999999998
3MOP_G_3MOP_G,31,18,0.299,0.742,0.8490000000000001
3MOP_G_3MOP_K,28,24,0.358,0.905,0.858
3MOP_K_3MOP_K,26,53,0.08900000000000001,0.015,0.259
3N7N_A_3N7N_A,116,145,0.731,0.813,0.774
3N7N_A_3N7N_E,38,73,0.5529999999999999,0.13,0.446
3N7N_E_3N7N_E,19,96,0.547,0.698,0.555
3NMM_A_3NMM_A,6,57,0.665,0.9079999999999999,0.9059999999999999
3NMM_A_3NMM_B,59,61,0.684,0.955,0.932
3NMM_B_3NMM_B,0,55,0.667,0.888,0.903
3O8O_A_3O8O_A,24,210,0.725,0.386,0.9179999999999999
3O8O_A_3O8O_B,206,200,0.731,0.62,0.927
3O8O_B_3O8O_B,0,185,0.728,0.583,0.929
3OF6_A_3OF6_A,11,63,0.625,0.41,0.7390000000000001
3OF6_A_3OF6_D,68,75,0.667,0.688,0.828
3OF6_D_3OF6_D,7,71,0.14800000000000002,0.015,0.27899999999999997
3OQ9_A_3OQ9_A,28,46,0.11199999999999999,0.084,0.389
3OQ9_A_3OQ9_H,18,47,0.043,0.017,0.267
3OQ9_H_3OQ9_H,18,35,0.314,0.07200000000000001,0.541
3PW8_A_3PW8_A,22,82,0.6920000000000001,0.46799999999999997,0.838
3PW8_A_3PW8_C,136,138,0.73,0.955,0.9440000000000001
3PW8_C_3PW8_C,0,0,0.046,0.006999999999999999,0.8859999999999999
3PWQ_A_3PWQ_A,22,86,0.6859999999999999,0.44299999999999995,0.841
3PWQ_A_3PWQ_C,140,139,0.73,0.958,0.946
3PWQ_C_3PWQ_C,0,0,0.053,0.006999999999999999,0.895
3Q4H_A_3Q4H_A,135,148,0.293,0.052000000000000005,0.436
3Q4H_A_3Q4H_B,116,121,0.67,0.6970000000000001,0.7959999999999999
3Q4H_B_3Q4H_B,0,81,0.275,0.044000000000000004,0.406
3QB5_A_3QB5_A,33,99,0.703,0.6970000000000001,0.8390000000000001
3QB5_A_3QB5_K,48,92,0.7090000000000001,0.804,0.882
3QLV_A_3QLV_A,0,74,0.433,0.015,0.429
3QLV_A_3QLV_C,111,105,0.71,0.7979999999999999,0.915
3QLV_C_3QLV_C,27,119,0.716,0.8420000000000001,0.907
3QVG_A_3QVG_A,0,29,0.32899999999999996,0.28300000000000003,0.7559999999999999
3QVG_A_3QVG_B,36,41,0.568,0.836,0.877
3QVG_B_3QVG_B,41,36,0.48200000000000004,0.147,0.6809999999999999
3R84_B_3R84_B,42,82,0.531,0.324,0.6459999999999999
3R84_B_3R84_C,105,95,0.696,0.698,0.825
3R84_C_3R84_C,24,72,0.311,0.044000000000000004,0.415
3SWN_A_3SWN_A,0,61,0.581,0.593,0.8290000000000001
3SWN_A_3SWN_B,59,62,0.596,0.7340000000000001,0.8809999999999999
3SWN_A_3SWN_C,67,72,0.6609999999999999,0.9,0.885
3SWN_B_3SWN_B,0,78,0.424,0.018000000000000002,0.285
3SWN_B_3SWN_C,54,83,0.34,0.040999999999999995,0.526
3SWN_C_3SWN_C,0,86,0.11,0.013000000000000001,0.297
3U7Q_A_3U7Q_A,0,122,0.693,0.027000000000000003,0.588
3U7Q_A_3U7Q_B,313,309,0.738,0.96,0.968
3U7Q_B_3U7Q_B,180,174,0.736,0.948,0.971
3UDW_A_3UDW_A,64,60,0.591,0.23399999999999999,0.857
3UDW_A_3UDW_C,61,80,0.627,0.536,0.914
3UDW_C_3UDW_C,0,64,0.636,0.6679999999999999,0.8490000000000001
3VSJ_A_3VSJ_A,0,39,0.674,0.578,0.9
3VSJ_A_3VSJ_B,79,86,0.703,0.78,0.9229999999999999
3VSJ_B_3VSJ_B,56,58,0.6759999999999999,0.898,0.907
3VTQ_D_3VTQ_D,0,307,0.073,0.094,0.45799999999999996
3VTQ_D_3VTQ_E,40,38,0.57,0.883,0.7959999999999999
3VTQ_E_3VTQ_E,33,48,0.598,0.884,0.777
3WJM_A_3WJM_A,34,143,0.7140000000000001,0.547,0.8740000000000001
3WJM_A_3WJM_B,123,148,0.723,0.7170000000000001,0.8809999999999999
4AQ5_A_4AQ5_A,0,201,0.72,0.08800000000000001,0.609
4AQ5_A_4AQ5_B,70,209,0.727,0.413,0.7490000000000001
4AQ5_A_4AQ5_C,76,198,0.7290000000000001,0.588,0.7909999999999999
4AQ5_A_4AQ5_E,89,209,0.731,0.539,0.782
4AQ5_B_4AQ5_C,87,218,0.732,0.493,0.7390000000000001
4AQ5_B_4AQ5_E,0,183,0.727,0.326,0.705
4AQ5_C_4AQ5_E,0,205,0.722,0.18600000000000003,0.703
4B2T_A_4B2T_A,0,62,0.10099999999999999,0.01,0.23600000000000002
4B2T_A_4B2T_B,0,198,0.631,0.10099999999999999,0.726
4B2T_A_4B2T_D,86,192,0.647,0.057,0.6920000000000001
4B2T_A_4B2T_E,0,169,0.67,0.1,0.748
4B2T_A_4B2T_G,92,222,0.71,0.226,0.81
4B2T_A_4B2T_H,61,189,0.609,0.077,0.6990000000000001
4B2T_A_4B2T_Q,0,159,0.602,0.077,0.672
4B2T_A_4B2T_z,0,183,0.6559999999999999,0.11,0.75
4B2T_B_4B2T_B,61,153,0.161,0.012,0.308
4B2T_B_4B2T_D,68,174,0.698,0.285,0.7809999999999999
4B2T_B_4B2T_E,99,196,0.672,0.161,0.77
4B2T_B_4B2T_G,0,167,0.632,0.065,0.654
4B2T_B_4B2T_H,0,194,0.662,0.122,0.7490000000000001
4B2T_B_4B2T_Q,0,187,0.615,0.081,0.731
4B2T_B_4B2T_z,0,175,0.565,0.055,0.708
4B2T_D_4B2T_D,0,56,0.126,0.01,0.217
4B2T_D_4B2T_E,48,166,0.6679999999999999,0.14400000000000002,0.7020000000000001
4B2T_D_4B2T_G,0,124,0.627,0.055999999999999994,0.613
4B2T_D_4B2T_H,2,160,0.669,0.14800000000000002,0.7390000000000001
4B2T_D_4B2T_Q,0,188,0.6779999999999999,0.1,0.737
4B2T_D_4B2T_z,0,152,0.654,0.051,0.64
4B2T_E_4B2T_E,0,172,0.5720000000000001,0.013999999999999999,0.644
4B2T_E_4B2T_G,0,206,0.679,0.062,0.7170000000000001
4B2T_E_4B2T_H,89,193,0.6970000000000001,0.22,0.768
4B2T_E_4B2T_Q,0,173,0.5489999999999999,0.023,0.654
4B2T_E_4B2T_z,0,178,0.589,0.043,0.677
4B2T_G_4B2T_G,0,132,0.539,0.013999999999999999,0.39
4B2T_G_4B2T_H,0,193,0.6859999999999999,0.055,0.645
4B2T_G_4B2T_Q,30,188,0.6629999999999999,0.043,0.644
4B2T_G_4B2T_z,86,194,0.711,0.23600000000000002,0.828
4B2T_H_4B2T_H,0,132,0.535,0.015,0.439
4B2T_H_4B2T_Q,70,196,0.6990000000000001,0.23800000000000002,0.782
4B2T_H_4B2T_z,0,193,0.5870000000000001,0.043,0.6920000000000001
4B2T_Q_4B2T_Q,0,160,0.331,0.012,0.299
4B2T_Q_4B2T_z,80,162,0.6579999999999999,0.127,0.7829999999999999
4B2T_z_4B2T_z,35,97,0.07,0.01,0.23
4BOG_0_4BOG_0,0,182,0.725,0.213,0.69
4BOG_0_4BOG_W,115,216,0.73,0.4,0.737
4BOG_0_4BOG_X,81,208,0.7290000000000001,0.47,0.746
4BOG_0_4BOG_Y,0,211,0.731,0.446,0.741
4BOG_W_4BOG_W,0,177,0.731,0.34700000000000003,0.728
4BOG_W_4BOG_X,73,199,0.728,0.556,0.7979999999999999
4BOG_W_4BOG_Y,0,176,0.73,0.331,0.6829999999999999
4BOG_X_4BOG_X,0,197,0.722,0.087,0.6509999999999999
4BOG_X_4BOG_Y,100,207,0.73,0.506,0.787
4BOG_Y_4BOG_Y,0,195,0.718,0.136,0.69
4CQM_A_4CQM_A,130,137,0.722,0.235,0.764
4CQM_A_4CQM_B,110,112,0.7,0.221,0.81
4CQM_A_4CQM_D,127,137,0.723,0.303,0.7809999999999999
4CQM_B_4CQM_B,152,147,0.7170000000000001,0.18899999999999997,0.752
4CQM_B_4CQM_D,108,141,0.715,0.08800000000000001,0.7090000000000001
4D11_A_4D11_A,88,83,0.7170000000000001,0.424,0.774
4D11_A_4D11_C,29,82,0.701,0.135,0.722
4D11_A_4D11_L,35,30,0.27699999999999997,0.233,0.8140000000000001
4D11_C_4D11_L,31,29,0.243,0.237,0.8140000000000001
4D11_L_4D11_L,0,12,0.021,0.027999999999999997,0.003
4ESA_B_4ESA_B,3,55,0.649,0.868,0.8909999999999999
4ESA_B_4ESA_C,56,55,0.665,0.9159999999999999,0.91
4ESA_C_4ESA_C,9,47,0.629,0.787,0.871
4FZW_A_4FZW_A,24,147,0.7290000000000001,0.877,0.93
4FZW_A_4FZW_C,9,9,0.163,0.7240000000000001,0.841
4FZW_C_4FZW_C,0,161,0.713,0.792,0.898
4GGF_A_4GGF_A,18,92,0.636,0.755,0.8240000000000001
4GGF_A_4GGF_C,104,104,0.6829999999999999,0.867,0.888
4GGF_C_4GGF_C,38,136,0.629,0.26,0.807
4GYP_A_4GYP_A,102,114,0.723,0.8340000000000001,0.9520000000000001
4GYP_A_4GYP_C,37,98,0.7140000000000001,0.732,0.9259999999999999
4GYP_C_4GYP_C,84,94,0.718,0.755,0.9259999999999999
4HRR_A_4HRR_A,0,68,0.6779999999999999,0.922,0.922
4HRR_A_4HRR_B,65,69,0.6779999999999999,0.943,0.937
4HRR_B_4HRR_B,24,70,0.684,0.9470000000000001,0.934
4HRT_A_4HRT_A,0,68,0.6759999999999999,0.922,0.922
4HRT_A_4HRT_B,66,67,0.6829999999999999,0.9470000000000001,0.938
4HRT_B_4HRT_B,19,70,0.685,0.9490000000000001,0.935
4J5W_A_4J5W_A,59,76,0.479,0.478,0.815
4J5W_A_4J5W_C,67,54,0.69,0.856,0.888
4J5W_C_4J5W_C,0,58,0.691,0.9590000000000001,0.8959999999999999
4LFN_A_4LFN_A,24,29,0.36700000000000005,0.9490000000000001,0.7559999999999999
4LFN_A_4LFN_B,145,138,0.727,0.91,0.94
4LFN_B_4LFN_B,26,147,0.6579999999999999,0.07400000000000001,0.768
4M78_A_4M78_A,0,66,0.32,0.069,0.54
4M78_A_4M78_B,71,95,0.502,0.28600000000000003,0.833
4M78_A_4M78_C,0,59,0.414,0.45399999999999996,0.745
4M78_A_4M78_D,0,62,0.41700000000000004,0.494,0.732
4M78_A_4M78_E,0,62,0.424,0.47200000000000003,0.742
4M78_A_4M78_F,0,68,0.413,0.33399999999999996,0.693
4M78_A_4M78_G,47,61,0.494,0.5579999999999999,0.79
4M78_B_4M78_B,0,97,0.11,0.016,0.23600000000000002
4M78_B_4M78_C,71,72,0.6559999999999999,0.8859999999999999,0.89
4M78_B_4M78_D,1,73,0.512,0.294,0.8140000000000001
4M78_B_4M78_E,0,84,0.562,0.447,0.8340000000000001
4M78_B_4M78_F,0,64,0.66,0.8740000000000001,0.862
4M78_B_4M78_G,0,66,0.151,0.061,0.491
4M78_C_4M78_C,21,70,0.418,0.021,0.389
4M78_C_4M78_D,49,61,0.595,0.812,0.8420000000000001
4M78_C_4M78_E,0,79,0.652,0.669,0.8540000000000001
4M78_C_4M78_F,0,56,0.34,0.419,0.745
4M78_C_4M78_G,0,54,0.58,0.74,0.7929999999999999
4M78_D_4M78_D,0,54,0.574,0.725,0.804
4M78_D_4M78_E,53,81,0.63,0.6679999999999999,0.838
4M78_D_4M78_F,0,58,0.507,0.37799999999999995,0.79
4M78_D_4M78_G,0,63,0.55,0.638,0.7809999999999999
4M78_E_4M78_E,0,69,0.664,0.495,0.812
4M78_E_4M78_F,66,97,0.644,0.625,0.882
4M78_E_4M78_G,0,72,0.501,0.373,0.838
4M78_F_4M78_F,0,149,0.122,0.04,0.43799999999999994
4M78_F_4M78_G,39,53,0.596,0.878,0.835
4M78_G_4M78_G,0,43,0.21,0.018000000000000002,0.21
4MNE_A_4MNE_A,0,97,0.37,0.066,0.7559999999999999
4MNE_A_4MNE_B,83,89,0.48200000000000004,0.267,0.8240000000000001
4MNE_B_4MNE_B,40,46,0.67,0.687,0.807
4P1X_A_4P1X_A,2,64,0.131,0.011000000000000001,0.275
4P1X_A_4P1X_B,139,98,0.6859999999999999,0.18600000000000003,0.867
4P1X_B_4P1X_B,4,143,0.502,0.011000000000000001,0.228
4PO5_A_4PO5_A,0,94,0.703,0.619,0.821
4PO5_A_4PO5_B,89,96,0.7140000000000001,0.794,0.888
4PO5_B_4PO5_B,7,96,0.7170000000000001,0.835,0.909
4R0L_A_4R0L_A,0,58,0.191,0.024,0.285
4R0L_A_4R0L_C,29,34,0.08199999999999999,0.016,0.261
4R0L_A_4R0L_L,50,49,0.612,0.9109999999999999,0.909
4RHW_A_4RHW_A,10,16,0.297,0.099,0.445
4RHW_A_4RHW_E,27,22,0.489,0.9420000000000001,0.87
4RHW_E_4RHW_E,1,70,0.262,0.016,0.187
4RYF_A_4RYF_A,93,120,0.609,0.031,0.642
4RYF_A_4RYF_H,71,114,0.5660000000000001,0.031,0.564
4RYF_H_4RYF_H,109,115,0.607,0.083,0.6609999999999999
4WHS_A_4WHS_A,5,206,0.449,0.023,0.7120000000000001
4WHS_A_4WHS_B,263,265,0.736,0.93,0.9590000000000001
4WHS_A_4WHS_D,266,265,0.735,0.91,0.9590000000000001
4WHS_B_4WHS_B,20,106,0.721,0.9570000000000001,0.945
4WHS_B_4WHS_D,20,106,0.721,0.958,0.946
4WY4_A_4WY4_B,102,103,0.711,0.9279999999999999,0.8390000000000001
4WY4_A_4WY4_C,4,87,0.386,0.09699999999999999,0.478
4WY4_A_4WY4_D,79,78,0.7070000000000001,0.9259999999999999,0.8109999999999999
4WY4_B_4WY4_C,91,91,0.7040000000000001,0.889,0.841
4WY4_B_4WY4_D,9,82,0.556,0.23,0.597
4WY4_C_4WY4_D,88,96,0.716,0.9329999999999999,0.868
4X28_A_4X28_A,9,14,0.079,0.18100000000000002,0.753
4X28_A_4X28_D,159,124,0.721,0.726,0.919
4X28_D_4X28_D,9,110,0.613,0.079,0.755
4X4X_A_4X4X_A,48,62,0.5820000000000001,0.5710000000000001,0.7859999999999999
4X4X_A_4X4X_D,61,61,0.629,0.8220000000000001,0.9159999999999999
4X4X_D_4X4X_D,0,58,0.654,0.8170000000000001,0.9009999999999999
5BKF_A_5BKF_A,171,144,0.721,0.043,0.618
5BKF_A_5BKF_E,164,170,0.6890000000000001,0.12300000000000001,0.711
5CD1_A_5CD1_A,1,95,0.203,0.017,0.309
5CD1_A_5CD1_E,159,207,0.733,0.547,0.917
5CMZ_A_5CMZ_A,5,56,0.648,0.91,0.807
5CMZ_A_5CMZ_B,22,45,0.55,0.6779999999999999,0.674
5CMZ_B_5CMZ_B,0,34,0.358,0.28800000000000003,0.523
5DBO_A_5DBO_A,0,111,0.10099999999999999,0.012,0.242
5DBO_A_5DBO_B,106,150,0.713,0.647,0.753
5DBO_B_5DBO_B,12,45,0.519,0.027000000000000003,0.43
5DWZ_B_5DWZ_B,0,114,0.613,0.091,0.862
5DWZ_B_5DWZ_C,157,158,0.73,0.852,0.9520000000000001
5DWZ_C_5DWZ_C,62,146,0.691,0.185,0.8759999999999999
5E0S_A_5E0S_A,113,129,0.618,0.046,0.622
5E0S_A_5E0S_m,72,93,0.493,0.027999999999999997,0.518
5E0S_m_5E0S_m,95,135,0.49200000000000005,0.016,0.551
5EOF_A_5EOF_A,42,105,0.66,0.693,0.659
5EOF_A_5EOF_C,55,51,0.593,0.795,0.67
5EOF_C_5EOF_C,4,68,0.261,0.047,0.561
5GW5_Z_5GW5_Z,23,48,0.046,0.011000000000000001,0.24
5GW5_Z_5GW5_a,0,202,0.647,0.09,0.7240000000000001
5GW5_Z_5GW5_b,0,203,0.613,0.034,0.672
5GW5_Z_5GW5_d,0,191,0.645,0.08199999999999999,0.701
5GW5_Z_5GW5_e,0,114,0.515,0.05,0.598
5GW5_Z_5GW5_g,74,200,0.703,0.19,0.8029999999999999
5GW5_Z_5GW5_h,1,205,0.622,0.055,0.657
5GW5_Z_5GW5_q,113,164,0.6609999999999999,0.161,0.7979999999999999
5GW5_a_5GW5_a,0,130,0.474,0.011000000000000001,0.223
5GW5_a_5GW5_b,0,202,0.647,0.098,0.7390000000000001
5GW5_a_5GW5_d,77,193,0.684,0.156,0.778
5GW5_a_5GW5_e,0,176,0.6559999999999999,0.135,0.77
5GW5_a_5GW5_g,90,206,0.696,0.192,0.8140000000000001
5GW5_a_5GW5_h,45,170,0.634,0.055999999999999994,0.7
5GW5_a_5GW5_q,2,157,0.638,0.10400000000000001,0.769
5GW5_b_5GW5_b,62,215,0.20199999999999999,0.01,0.23600000000000002
5GW5_b_5GW5_d,64,222,0.695,0.243,0.7959999999999999
5GW5_b_5GW5_e,119,222,0.684,0.159,0.8009999999999999
5GW5_b_5GW5_g,0,174,0.5579999999999999,0.044000000000000004,0.665
5GW5_b_5GW5_h,1,223,0.643,0.09,0.703
5GW5_b_5GW5_q,0,199,0.59,0.08900000000000001,0.737
5GW5_d_5GW5_d,0,267,0.452,0.026000000000000002,0.48200000000000004
5GW5_d_5GW5_e,58,160,0.569,0.031,0.574
5GW5_d_5GW5_g,0,192,0.612,0.02,0.579
5GW5_d_5GW5_h,1,192,0.6729999999999999,0.171,0.755
5GW5_d_5GW5_q,0,167,0.687,0.19899999999999998,0.7559999999999999
5GW5_e_5GW5_e,0,312,0.39799999999999996,0.011000000000000001,0.321
5GW5_e_5GW5_g,0,195,0.665,0.049,0.657
5GW5_e_5GW5_h,119,197,0.6920000000000001,0.281,0.748
5GW5_e_5GW5_q,0,137,0.601,0.046,0.6459999999999999
5GW5_g_5GW5_g,0,91,0.028999999999999998,0.009000000000000001,0.22399999999999998
5GW5_g_5GW5_h,0,212,0.61,0.049,0.6659999999999999
5GW5_g_5GW5_q,36,152,0.643,0.079,0.7
5GW5_h_5GW5_h,0,100,0.11900000000000001,0.013000000000000001,0.345
5GW5_h_5GW5_q,90,190,0.6779999999999999,0.17800000000000002,0.782
5GW5_q_5GW5_q,5,78,0.162,0.013000000000000001,0.31
5ICA_A_5ICA_B,93,90,0.705,0.754,0.883
5ICA_A_5ICA_C,1,95,0.541,0.085,0.667
5ICA_A_5ICA_D,16,77,0.539,0.406,0.768
5ICA_B_5ICA_C,21,85,0.674,0.622,0.8079999999999999
5ICA_B_5ICA_D,6,94,0.634,0.364,0.825
5ICA_C_5ICA_D,101,148,0.722,0.809,0.875
5JJM_A_5JJM_A,19,74,0.35700000000000004,0.012,0.222
5JJM_A_5JJM_B,55,89,0.42700000000000005,0.012,0.23
5JJM_A_5JJM_G,20,21,0.313,0.688,0.8959999999999999
5JJM_A_5JJM_M,14,8,0.17300000000000001,0.036000000000000004,0.49
5JJM_B_5JJM_G,19,21,0.20800000000000002,0.489,0.899
5JJM_B_5JJM_M,12,7,0.071,0.018000000000000002,0.488
5JJM_G_5JJM_G,0,25,0.021,0.015,0.003
5JJM_G_5JJM_M,0,7,0.021,0.016,0.004
5JJM_M_5JJM_M,0,0,0.02,0.006999999999999999,0.001
5KXI_A_5KXI_A,0,183,0.725,0.132,0.746
5KXI_A_5KXI_B,164,195,0.7340000000000001,0.659,0.853
5KXI_B_5KXI_B,146,165,0.722,0.245,0.747
5LE5_A_5LE5_A,0,173,0.386,0.013000000000000001,0.39399999999999996
5LE5_A_5LE5_B,101,103,0.396,0.062,0.662
5LE5_A_5LE5_C,5,116,0.467,0.036000000000000004,0.67
5LE5_A_5LE5_D,1,118,0.517,0.08199999999999999,0.7509999999999999
5LE5_A_5LE5_E,1,89,0.621,0.534,0.828
5LE5_A_5LE5_F,4,91,0.517,0.11800000000000001,0.713
5LE5_A_5LE5_G,98,92,0.552,0.249,0.8059999999999999
5LE5_A_5LE5_H,16,16,0.47100000000000003,0.6809999999999999,0.8009999999999999
5LE5_A_5LE5_I,18,20,0.366,0.455,0.767
5LE5_A_5LE5_J,0,18,0.29100000000000004,0.23,0.7070000000000001
5LE5_A_5LE5_K,0,27,0.337,0.064,0.6
5LE5_A_5LE5_L,0,22,0.345,0.23600000000000002,0.7170000000000001
5LE5_A_5LE5_a,0,83,0.243,0.013999999999999999,0.431
5LE5_A_5LE5_b,0,27,0.32,0.036000000000000004,0.49700000000000005
5LE5_B_5LE5_B,0,149,0.335,0.013999999999999999,0.42200000000000004
5LE5_B_5LE5_C,97,100,0.506,0.107,0.732
5LE5_B_5LE5_D,3,108,0.46,0.096,0.755
5LE5_B_5LE5_E,1,99,0.513,0.126,0.708
5LE5_B_5LE5_F,4,95,0.574,0.07400000000000001,0.653
5LE5_B_5LE5_G,6,96,0.539,0.087,0.6759999999999999
5LE5_B_5LE5_H,0,25,0.43799999999999994,0.068,0.6759999999999999
5LE5_B_5LE5_I,22,21,0.31,0.518,0.7979999999999999
5LE5_B_5LE5_J,20,22,0.33,0.607,0.7709999999999999
5LE5_B_5LE5_K,0,23,0.22899999999999998,0.040999999999999995,0.546
5LE5_B_5LE5_L,0,21,0.223,0.054000000000000006,0.5579999999999999
5LE5_B_5LE5_a,0,19,0.14,0.018000000000000002,0.24
5LE5_B_5LE5_b,0,19,0.27399999999999997,0.039,0.5589999999999999
5LE5_C_5LE5_C,0,110,0.429,0.026000000000000002,0.596
5LE5_C_5LE5_D,112,115,0.599,0.134,0.789
5LE5_C_5LE5_E,0,84,0.607,0.35600000000000004,0.7809999999999999
5LE5_C_5LE5_F,0,103,0.591,0.12,0.713
5LE5_C_5LE5_G,0,102,0.46299999999999997,0.06,0.6559999999999999
5LE5_C_5LE5_H,0,19,0.187,0.027999999999999997,0.48100000000000004
5LE5_C_5LE5_I,0,23,0.20800000000000002,0.065,0.574
5LE5_C_5LE5_J,21,17,0.192,0.109,0.623
5LE5_C_5LE5_K,17,24,0.319,0.10099999999999999,0.664
5LE5_C_5LE5_L,0,29,0.239,0.024,0.406
5LE5_C_5LE5_a,0,44,0.21100000000000002,0.012,0.231
5LE5_C_5LE5_b,0,24,0.243,0.023,0.41
5LE5_D_5LE5_D,0,115,0.133,0.012,0.25
5LE5_D_5LE5_E,90,97,0.57,0.397,0.823
5LE5_D_5LE5_F,1,103,0.46399999999999997,0.138,0.7709999999999999
5LE5_D_5LE5_G,0,108,0.48,0.129,0.7809999999999999
5LE5_D_5LE5_H,0,22,0.267,0.092,0.606
5LE5_D_5LE5_I,0,24,0.353,0.046,0.616
5LE5_D_5LE5_J,0,58,0.252,0.013000000000000001,0.22
5LE5_D_5LE5_K,17,17,0.429,0.792,0.8170000000000001
5LE5_D_5LE5_L,25,29,0.375,0.20800000000000002,0.7120000000000001
5LE5_D_5LE5_a,0,3,0.053,0.013999999999999999,0.2
5LE5_D_5LE5_b,0,84,0.059000000000000004,0.01,0.198
5LE5_E_5LE5_E,0,93,0.562,0.055999999999999994,0.621
5LE5_E_5LE5_F,93,91,0.6970000000000001,0.8320000000000001,0.8759999999999999
5LE5_E_5LE5_G,0,88,0.687,0.588,0.8270000000000001
5LE5_E_5LE5_H,0,39,0.264,0.016,0.265
5LE5_E_5LE5_I,0,26,0.24,0.024,0.41600000000000004
5LE5_E_5LE5_J,0,24,0.214,0.017,0.39
5LE5_E_5LE5_K,0,8,0.068,0.017,0.247
5LE5_E_5LE5_L,12,15,0.34299999999999997,0.193,0.706
5LE5_E_5LE5_a,29,29,0.434,0.813,0.8440000000000001
5LE5_E_5LE5_b,0,5,0.071,0.021,0.23199999999999998
5LE5_F_5LE5_F,0,112,0.503,0.019,0.47100000000000003
5LE5_F_5LE5_G,94,96,0.654,0.22699999999999998,0.782
5LE5_F_5LE5_H,0,23,0.322,0.14,0.652
5LE5_F_5LE5_I,0,65,0.10800000000000001,0.013000000000000001,0.254
5LE5_F_5LE5_J,0,24,0.168,0.017,0.34700000000000003
5LE5_F_5LE5_K,0,25,0.134,0.02,0.31
5LE5_F_5LE5_L,0,22,0.24,0.016,0.325
5LE5_F_5LE5_a,19,19,0.376,0.6609999999999999,0.8059999999999999
5LE5_F_5LE5_b,21,18,0.38299999999999995,0.21100000000000002,0.722
5LE5_G_5LE5_G,0,103,0.565,0.04,0.601
5LE5_G_5LE5_H,24,26,0.425,0.8059999999999999,0.7979999999999999
5LE5_G_5LE5_I,0,21,0.34700000000000003,0.042,0.588
5LE5_G_5LE5_J,0,49,0.187,0.013000000000000001,0.218
5LE5_G_5LE5_K,0,17,0.09699999999999999,0.019,0.265
5LE5_G_5LE5_L,0,20,0.281,0.027999999999999997,0.512
5LE5_G_5LE5_a,0,36,0.1,0.013000000000000001,0.22899999999999998
5LE5_G_5LE5_b,20,20,0.442,0.605,0.768
5LE5_H_5LE5_H,0,34,0.223,0.024,0.32
5LE5_H_5LE5_I,87,94,0.7020000000000001,0.763,0.8420000000000001
5LE5_H_5LE5_J,0,32,0.40700000000000003,0.023,0.446
5LE5_H_5LE5_K,0,73,0.34600000000000003,0.013000000000000001,0.322
5LE5_H_5LE5_L,67,69,0.66,0.602,0.7979999999999999
5LE5_H_5LE5_a,54,58,0.634,0.31,0.7959999999999999
5LE5_H_5LE5_b,29,34,0.461,0.03,0.521
5LE5_I_5LE5_I,0,46,0.12,0.017,0.319
5LE5_I_5LE5_J,34,52,0.41600000000000004,0.017,0.373
5LE5_I_5LE5_K,48,30,0.40299999999999997,0.09699999999999999,0.643
5LE5_I_5LE5_L,54,50,0.43,0.11699999999999999,0.675
5LE5_I_5LE5_a,0,26,0.435,0.026000000000000002,0.44299999999999995
5LE5_I_5LE5_b,0,56,0.386,0.025,0.49
5LE5_J_5LE5_J,54,67,0.628,0.20600000000000002,0.8390000000000001
5LE5_J_5LE5_K,38,42,0.43200000000000005,0.019,0.484
5LE5_J_5LE5_L,0,59,0.156,0.013999999999999999,0.24600000000000002
5LE5_J_5LE5_a,0,41,0.297,0.017,0.379
5LE5_J_5LE5_b,0,69,0.308,0.015,0.26899999999999996
5LE5_K_5LE5_K,0,71,0.603,0.281,0.72
5LE5_K_5LE5_L,32,32,0.47200000000000003,0.528,0.777
5LE5_K_5LE5_a,0,56,0.491,0.039,0.551
5LE5_K_5LE5_b,0,43,0.22899999999999998,0.025,0.46299999999999997
5LE5_L_5LE5_L,0,94,0.441,0.085,0.758
5LE5_L_5LE5_a,44,49,0.5539999999999999,0.513,0.7979999999999999
5LE5_L_5LE5_b,0,57,0.314,0.021,0.441
5LE5_a_5LE5_a,0,58,0.17,0.013999999999999999,0.314
5LE5_a_5LE5_b,59,68,0.623,0.32799999999999996,0.7859999999999999
5LE5_b_5LE5_b,72,83,0.516,0.171,0.76
5MVW_A_5MVW_A,56,56,0.61,0.872,0.7120000000000001
5MVW_A_5MVW_C,24,71,0.409,0.165,0.486
5MVW_C_5MVW_C,43,68,0.6729999999999999,0.77,0.688
5MWE_A_5MWE_A,51,56,0.61,0.845,0.716
5MWE_A_5MWE_C,23,83,0.322,0.09,0.371
5MWE_C_5MWE_C,21,112,0.695,0.612,0.736
5MX5_A_5MX5_A,120,138,0.6829999999999999,0.069,0.657
5MX5_A_5MX5_B,128,137,0.711,0.518,0.8340000000000001
5MX5_B_5MX5_B,3,118,0.611,0.018000000000000002,0.434
5NB4_A_5NB4_A,96,86,0.6779999999999999,0.532,0.7659999999999999
5NB4_A_5NB4_N,102,95,0.705,0.795,0.861
5NB4_N_5NB4_N,21,101,0.555,0.149,0.664
5OAF_A_5OAF_A,12,126,0.595,0.08800000000000001,0.644
5OAF_A_5OAF_B,211,234,0.721,0.17600000000000002,0.716
5OAF_B_5OAF_B,5,111,0.349,0.012,0.353
5TUG_A_5TUG_A,0,32,0.337,0.086,0.43700000000000006
5TUG_A_5TUG_B,46,60,0.581,0.47,0.846
5TUG_B_5TUG_B,11,40,0.612,0.8029999999999999,0.812
5UBQ_C_5UBQ_C,0,73,0.503,0.018000000000000002,0.581
5UBQ_C_5UBQ_D,121,93,0.69,0.49200000000000005,0.91
5UBQ_D_5UBQ_D,0,65,0.626,0.276,0.8220000000000001
5VOK_A_5VOK_A,32,71,0.624,0.7609999999999999,0.856
5VOK_A_5VOK_B,66,78,0.64,0.706,0.8759999999999999
5VOK_B_5VOK_B,1,75,0.47200000000000003,0.37200000000000005,0.759
5W7G_A_5W7G_A,31,79,0.633,0.37,0.7659999999999999
5W7G_A_5W7G_B,58,76,0.307,0.027000000000000003,0.5429999999999999
5WVC_B_5WVC_B,10,42,0.23,0.016,0.166
5WVC_B_5WVC_C,30,21,0.484,0.946,0.871
5WVC_C_5WVC_C,8,35,0.243,0.019,0.331
5XNN_1_5XNN_1,55,29,0.35600000000000004,0.047,0.568
5XNN_1_5XNN_3,64,92,0.389,0.013000000000000001,0.35700000000000004
5XNN_1_5XNN_4,0,149,0.568,0.011000000000000001,0.2
5XNN_3_5XNN_4,14,351,0.5870000000000001,0.011000000000000001,0.203
5XNO_1_5XNO_1,59,33,0.152,0.013000000000000001,0.37799999999999995
5XNO_1_5XNO_3,59,29,0.516,0.087,0.494
5XNO_1_5XNO_4,0,80,0.3,0.011000000000000001,0.205
5XNO_3_5XNO_4,13,66,0.187,0.011000000000000001,0.19
5Y14_C_5Y14_C,41,46,0.588,0.89,0.75
5Y14_C_5Y14_F,40,42,0.535,0.9079999999999999,0.7879999999999999
5Y14_F_5Y14_F,0,30,0.377,0.612,0.629
5YB3_E_5YB3_E,33,48,0.589,0.883,0.778
5YB3_E_5YB3_H,28,26,0.45,0.938,0.79
5YB3_H_5YB3_H,0,23,0.285,0.843,0.637
5YC0_A_5YC0_A,38,46,0.5920000000000001,0.8959999999999999,0.757
5YC0_A_5YC0_Q,42,42,0.604,0.9359999999999999,0.826
5YC0_Q_5YC0_Q,14,32,0.33399999999999996,0.504,0.519
5YH2_A_5YH2_A,0,66,0.41600000000000004,0.203,0.843
5YH2_A_5YH2_C,59,92,0.574,0.16699999999999998,0.857
5YH2_C_5YH2_C,0,54,0.638,0.888,0.7120000000000001
5YK7_A_5YK7_A,149,223,0.7190000000000001,0.484,0.845
5YK7_A_5YK7_B,50,72,0.294,0.131,0.6809999999999999
5YK7_B_5YK7_B,0,123,0.45799999999999996,0.127,0.635
5Z12_A_5Z12_A,0,64,0.669,0.326,0.789
5Z12_A_5Z12_C,58,58,0.6809999999999999,0.877,0.9059999999999999
5Z12_A_5Z12_F,0,25,0.401,0.815,0.92
5Z12_A_5Z12_J,19,20,0.22899999999999998,0.40700000000000003,0.805
5Z12_C_5Z12_C,0,60,0.693,0.948,0.915
5Z12_C_5Z12_F,25,27,0.368,0.7879999999999999,0.9390000000000001
5Z12_C_5Z12_J,0,32,0.145,0.29600000000000004,0.83
5Z12_F_5Z12_F,0,7,0.022000000000000002,0.013999999999999999,0.004
5Z12_F_5Z12_J,0,3,0.022000000000000002,0.015,0.004
5Z12_J_5Z12_J,0,21,0.021,0.017,0.002
5ZCX_A_5ZCX_A,26,42,0.47100000000000003,0.455,0.613
5ZCX_A_5ZCX_W,45,47,0.55,0.828,0.748
5ZCX_W_5ZCX_W,0,51,0.513,0.589,0.637
5ZE9_A_5ZE9_A,0,102,0.17300000000000001,0.01,0.256
5ZE9_A_5ZE9_D,179,197,0.725,0.513,0.868
5ZE9_D_5ZE9_D,0,41,0.551,0.21,0.752
5ZVK_A_5ZVK_A,42,66,0.564,0.235,0.514
5ZVK_A_5ZVK_a,63,95,0.6759999999999999,0.516,0.74
5ZVK_a_5ZVK_a,0,61,0.489,0.512,0.629
5ZVM_A_5ZVM_A,46,64,0.457,0.113,0.47200000000000003
5ZVM_A_5ZVM_a,66,68,0.669,0.7390000000000001,0.7440000000000001
5ZVM_a_5ZVM_a,0,61,0.514,0.5870000000000001,0.655
5ZY8_A_5ZY8_A,21,84,0.512,0.133,0.7509999999999999
5ZY8_A_5ZY8_B,101,115,0.696,0.73,0.9390000000000001
5ZY8_B_5ZY8_B,34,37,0.528,0.8590000000000001,0.8440000000000001
6B6Z_A_6B6Z_A,94,106,0.7,0.32899999999999996,0.7070000000000001
6B6Z_A_6B6Z_B,126,145,0.726,0.7490000000000001,0.8809999999999999
6B6Z_B_6B6Z_B,0,194,0.713,0.526,0.787
6CKO_A_6CKO_A,10,42,0.429,0.457,0.623
6CKO_A_6CKO_C,60,58,0.665,0.919,0.815
6CKO_C_6CKO_C,13,64,0.315,0.13,0.418
6D5F_A_6D5F_A,42,135,0.052000000000000005,0.012,0.212
6D5F_A_6D5F_a,84,48,0.33799999999999997,0.774,0.602
6DFT_A_6DFT_A,19,217,0.687,0.325,0.78
6DFT_A_6DFT_B,200,199,0.7140000000000001,0.134,0.774
6DFT_B_6DFT_B,19,163,0.71,0.1,0.6970000000000001
6DNZ_A_6DNZ_A,0,75,0.684,0.332,0.831
6DNZ_A_6DNZ_B,88,166,0.73,0.6509999999999999,0.87
6DNZ_B_6DNZ_B,14,100,0.669,0.22899999999999998,0.726
6DPU_A_6DPU_A,23,62,0.47,0.040999999999999995,0.677
6DPU_A_6DPU_B,98,70,0.675,0.581,0.903
6DPU_B_6DPU_B,23,65,0.63,0.451,0.866
6DW0_C_6DW0_D,120,184,0.72,0.322,0.721
6DW0_D_6DW0_E,121,169,0.726,0.27399999999999997,0.736
6DW1_C_6DW1_D,79,181,0.722,0.309,0.708
6DW1_D_6DW1_E,79,171,0.727,0.295,0.738
6E7D_A_6E7D_A,61,53,0.488,0.377,0.877
6E7D_A_6E7D_Q,57,68,0.632,0.843,0.861
6E7D_Q_6E7D_Q,2,254,0.7170000000000001,0.768,0.7390000000000001
6EYC_2_6EYC_3,5,222,0.638,0.043,0.547
6EYC_2_6EYC_4,0,228,0.618,0.035,0.5539999999999999
6EYC_2_6EYC_5,242,248,0.691,0.061,0.608
6EYC_2_6EYC_6,170,283,0.685,0.031,0.579
6EYC_2_6EYC_7,0,211,0.6759999999999999,0.037000000000000005,0.562
6EYC_3_6EYC_4,0,263,0.669,0.019,0.551
6EYC_3_6EYC_5,263,287,0.7120000000000001,0.161,0.637
6EYC_3_6EYC_6,0,244,0.669,0.06,0.552
6EYC_3_6EYC_7,245,277,0.711,0.158,0.635
6EYC_4_6EYC_5,0,230,0.659,0.024,0.542
6EYC_4_6EYC_6,287,346,0.6970000000000001,0.049,0.63
6EYC_4_6EYC_7,263,270,0.703,0.115,0.602
6EYC_5_6EYC_6,0,248,0.679,0.066,0.625
6EYC_5_6EYC_7,0,243,0.649,0.02,0.596
6EYC_6_6EYC_7,15,186,0.643,0.05,0.541
6GBU_A_6GBU_A,21,51,0.132,0.023,0.33299999999999996
6GBU_A_6GBU_B,39,45,0.40399999999999997,0.44,0.745
6GBU_B_6GBU_B,11,52,0.141,0.026000000000000002,0.359
6GWV_A_6GWV_A,45,206,0.713,0.037000000000000005,0.6629999999999999
6GWV_A_6GWV_B,153,244,0.731,0.48,0.877
6GWV_B_6GWV_B,46,202,0.7140000000000001,0.081,0.7170000000000001
6HE5_2_6HE5_2,67,71,0.512,0.26899999999999996,0.816
6HE5_2_6HE5_A,26,21,0.358,0.122,0.7
6HE5_2_6HE5_H,0,21,0.040999999999999995,0.01,0.193
6HE5_A_6HE5_A,112,103,0.557,0.052000000000000005,0.688
6HE5_A_6HE5_H,26,30,0.040999999999999995,0.012,0.275
6HE5_H_6HE5_H,0,234,0.6709999999999999,0.08900000000000001,0.578
6HE7_1_6HE7_1,61,62,0.544,0.138,0.723
6HE7_1_6HE7_A,24,20,0.36,0.17300000000000001,0.7190000000000001
6HE7_A_6HE7_A,93,89,0.606,0.083,0.73
6HK2_A_6HK2_A,21,57,0.675,0.9570000000000001,0.941
6HK2_A_6HK2_B,63,59,0.6859999999999999,0.96,0.94
6HK2_B_6HK2_B,11,55,0.665,0.8859999999999999,0.897
6IHX_A_6IHX_A,2,59,0.67,0.935,0.9309999999999999
6IHX_A_6IHX_B,56,59,0.679,0.9490000000000001,0.934
6IHX_B_6IHX_B,0,61,0.682,0.9490000000000001,0.93
6II1_B_6II1_B,4,59,0.679,0.9490000000000001,0.9309999999999999
6II1_B_6II1_C,57,59,0.679,0.9470000000000001,0.9309999999999999
6II1_C_6II1_C,2,57,0.6779999999999999,0.9329999999999999,0.929
6K0R_A_6K0R_A,0,134,0.65,0.12300000000000001,0.7440000000000001
6K0R_A_6K0R_D,130,162,0.693,0.251,0.789
6K0R_D_6K0R_D,1,128,0.547,0.034,0.607
6KA9_A_6KA9_A,7,57,0.674,0.953,0.937
6KA9_A_6KA9_B,59,60,0.6859999999999999,0.9590000000000001,0.937
6KA9_B_6KA9_B,0,55,0.665,0.88,0.898
6KAU_A_6KAU_A,29,57,0.675,0.956,0.94
6KAU_A_6KAU_B,62,59,0.6859999999999999,0.9590000000000001,0.9390000000000001
6KAU_B_6KAU_B,8,55,0.66,0.853,0.884
6KS6_a_6KS6_a,0,205,0.304,0.011000000000000001,0.244
6KS6_a_6KS6_b,4,205,0.645,0.096,0.741
6KS6_a_6KS6_d,176,196,0.687,0.18899999999999997,0.7879999999999999
6KS6_a_6KS6_e,36,169,0.644,0.14300000000000002,0.768
6KS6_a_6KS6_g,229,208,0.7020000000000001,0.23800000000000002,0.82
6KS6_a_6KS6_h,39,168,0.608,0.064,0.691
6KS6_a_6KS6_q,2,158,0.6409999999999999,0.105,0.768
6KS6_a_6KS6_z,1,199,0.667,0.11599999999999999,0.73
6KS6_b_6KS6_b,18,202,0.11699999999999999,0.01,0.22399999999999998
6KS6_b_6KS6_d,210,210,0.6940000000000001,0.28800000000000003,0.797
6KS6_b_6KS6_e,227,219,0.69,0.17300000000000001,0.805
6KS6_b_6KS6_g,0,193,0.5670000000000001,0.033,0.615
6KS6_b_6KS6_h,1,220,0.638,0.08199999999999999,0.6990000000000001
6KS6_b_6KS6_q,0,177,0.607,0.076,0.742
6KS6_b_6KS6_z,0,161,0.564,0.054000000000000006,0.71
6KS6_d_6KS6_d,0,106,0.113,0.01,0.254
6KS6_d_6KS6_e,44,144,0.6,0.055999999999999994,0.595
6KS6_d_6KS6_g,0,197,0.635,0.022000000000000002,0.628
6KS6_d_6KS6_h,1,193,0.6729999999999999,0.17,0.755
6KS6_d_6KS6_q,0,167,0.6859999999999999,0.192,0.748
6KS6_d_6KS6_z,0,192,0.607,0.032,0.652
6KS6_e_6KS6_e,0,129,0.085,0.01,0.285
6KS6_e_6KS6_g,11,188,0.659,0.078,0.7040000000000001
6KS6_e_6KS6_h,219,208,0.662,0.171,0.747
6KS6_e_6KS6_q,0,138,0.61,0.061,0.682
6KS6_e_6KS6_z,0,108,0.486,0.053,0.593
6KS6_g_6KS6_g,0,92,0.171,0.013999999999999999,0.38
6KS6_g_6KS6_h,12,198,0.628,0.073,0.6940000000000001
6KS6_g_6KS6_q,36,176,0.647,0.053,0.6779999999999999
6KS6_g_6KS6_z,206,190,0.691,0.17600000000000002,0.775
6KS6_h_6KS6_h,0,12,0.023,0.009000000000000001,0.209
6KS6_h_6KS6_q,226,189,0.6759999999999999,0.183,0.78
6KS6_h_6KS6_z,16,205,0.583,0.05,0.631
6KS6_q_6KS6_q,8,93,0.061,0.011000000000000001,0.28600000000000003
6KS6_q_6KS6_z,146,161,0.672,0.17800000000000002,0.8009999999999999
6KS6_z_6KS6_z,21,57,0.045,0.01,0.239
6KTS_C_6KTS_C,0,40,0.204,0.111,0.35100000000000003
6KTS_C_6KTS_N,39,39,0.575,0.8490000000000001,0.7909999999999999
6KTS_N_6KTS_N,33,48,0.585,0.815,0.7659999999999999
6LCX_A_6LCX_A,7,57,0.674,0.955,0.9390000000000001
6LCX_A_6LCX_B,60,59,0.685,0.958,0.937
6LCX_B_6LCX_B,0,55,0.6629999999999999,0.8540000000000001,0.887
6LT7_A_6LT7_B,58,56,0.636,0.904,0.758
6MAF_A_6MAF_A,47,124,0.508,0.273,0.706
6MAF_A_6MAF_D,31,107,0.66,0.531,0.851
6MAF_D_6MAF_D,152,140,0.716,0.843,0.88
6N2E_A_6N2E_A,57,58,0.711,0.9490000000000001,0.871
6N2E_A_6N2E_C,81,12,0.053,0.012,0.21899999999999997
6N2E_C_6N2E_C,15,84,0.514,0.012,0.23399999999999999
6NT9_A_6NT9_A,54,84,0.723,0.68,0.868
6NT9_A_6NT9_C,15,119,0.34299999999999997,0.016,0.451
6NT9_C_6NT9_C,0,381,0.735,0.58,0.7709999999999999
6NTX_B_6NTX_B,0,60,0.462,0.29100000000000004,0.509
6NTX_B_6NTX_C,49,62,0.633,0.887,0.8059999999999999
6NTX_C_6NTX_C,6,51,0.192,0.084,0.413
6O2S_1A_6O2S_1A,30,63,0.547,0.073,0.715
6O2S_1A_6O2S_1H,205,69,0.675,0.5920000000000001,0.905
6O2S_1H_6O2S_1H,29,64,0.595,0.409,0.853
6O2T_1A_6O2T_1A,29,67,0.47600000000000003,0.049,0.6970000000000001
6O2T_1A_6O2T_1H,198,71,0.675,0.56,0.903
6O2T_1H_6O2T_1H,28,64,0.625,0.40399999999999997,0.8590000000000001
6OGM_C_6OGM_C,47,80,0.6459999999999999,0.594,0.843
6OGM_C_6OGM_E,72,73,0.6659999999999999,0.716,0.8909999999999999
6OGM_E_6OGM_E,49,64,0.6609999999999999,0.85,0.887
6OL7_A_6OL7_A,26,65,0.6759999999999999,0.7190000000000001,0.8320000000000001
6OL7_A_6OL7_B,32,45,0.642,0.905,0.883
6OL7_A_6OL7_C,0,59,0.627,0.635,0.846
6OL7_A_6OL7_D,52,51,0.6679999999999999,0.946,0.8740000000000001
6OL7_B_6OL7_B,0,29,0.584,0.868,0.857
6OL7_B_6OL7_C,65,52,0.64,0.93,0.887
6OL7_B_6OL7_D,18,38,0.59,0.7509999999999999,0.826
6OL7_C_6OL7_C,38,57,0.22,0.054000000000000006,0.431
6OL7_C_6OL7_D,7,54,0.657,0.887,0.8640000000000001
6OL7_D_6OL7_D,0,36,0.619,0.682,0.7829999999999999
6PBK_A_6PBK_A,0,40,0.222,0.06,0.39899999999999997
6PBK_A_6PBK_B,48,61,0.5920000000000001,0.478,0.845
6PBK_B_6PBK_B,11,39,0.613,0.7979999999999999,0.812
6PPQ_A_6PPQ_B,48,64,0.623,0.5820000000000001,0.809
6PPQ_A_6PPQ_C,0,52,0.568,0.768,0.836
6PPQ_A_6PPQ_D,59,56,0.61,0.858,0.8370000000000001
6PPQ_A_6PPQ_E,0,54,0.565,0.8009999999999999,0.857
6PPQ_A_6PPQ_F,0,72,0.36700000000000005,0.174,0.687
6PPQ_A_6PPQ_G,0,60,0.542,0.27,0.802
6PYQ_A_6PYQ_A,38,58,0.594,0.488,0.636
6PYQ_A_6PYQ_B,58,68,0.6579999999999999,0.914,0.8340000000000001
6PYQ_B_6PYQ_B,0,42,0.14300000000000002,0.076,0.344
6PZ6_A_6PZ6_A,41,80,0.634,0.628,0.684
6PZ6_A_6PZ6_B,62,69,0.66,0.9209999999999999,0.8340000000000001
6PZ6_B_6PZ6_B,0,48,0.16399999999999998,0.059000000000000004,0.311
6QB8_B_6QB8_B,53,212,0.402,0.013000000000000001,0.382
6QB8_B_6QB8_a,0,188,0.653,0.14,0.758
6QB8_B_6QB8_d,70,181,0.7020000000000001,0.3,0.785
6QB8_B_6QB8_e,69,204,0.6859999999999999,0.21,0.772
6QB8_B_6QB8_g,0,177,0.5820000000000001,0.04,0.625
6QB8_B_6QB8_h,0,194,0.654,0.113,0.767
6QB8_B_6QB8_q,0,175,0.638,0.078,0.7390000000000001
6QB8_B_6QB8_z,0,170,0.614,0.08,0.735
6QB8_a_6QB8_a,0,56,0.037000000000000005,0.009000000000000001,0.20800000000000002
6QB8_a_6QB8_d,33,187,0.667,0.091,0.6809999999999999
6QB8_a_6QB8_e,0,196,0.691,0.183,0.7929999999999999
6QB8_a_6QB8_g,75,215,0.7020000000000001,0.19699999999999998,0.8009999999999999
6QB8_a_6QB8_h,54,172,0.645,0.076,0.723
6QB8_a_6QB8_q,3,163,0.633,0.11800000000000001,0.759
6QB8_a_6QB8_z,0,178,0.655,0.109,0.769
6QB8_d_6QB8_d,0,39,0.10800000000000001,0.011000000000000001,0.218
6QB8_d_6QB8_e,38,178,0.662,0.096,0.684
6QB8_d_6QB8_g,0,111,0.531,0.035,0.5539999999999999
6QB8_d_6QB8_h,3,160,0.667,0.16,0.743
6QB8_d_6QB8_q,0,182,0.6559999999999999,0.08900000000000001,0.725
6QB8_d_6QB8_z,0,202,0.634,0.033,0.649
6QB8_e_6QB8_e,0,142,0.54,0.024,0.6
6QB8_e_6QB8_g,0,208,0.685,0.052000000000000005,0.6829999999999999
6QB8_e_6QB8_h,80,219,0.7090000000000001,0.28800000000000003,0.8059999999999999
6QB8_e_6QB8_q,0,161,0.59,0.043,0.6509999999999999
6QB8_e_6QB8_z,0,169,0.632,0.057,0.6579999999999999
6QB8_g_6QB8_g,0,116,0.302,0.013999999999999999,0.37200000000000005
6QB8_g_6QB8_h,0,188,0.675,0.036000000000000004,0.59
6QB8_g_6QB8_q,37,145,0.64,0.055,0.638
6QB8_g_6QB8_z,55,198,0.7090000000000001,0.233,0.82
6QB8_h_6QB8_h,0,127,0.504,0.013000000000000001,0.395
6QB8_h_6QB8_q,75,198,0.701,0.25,0.7879999999999999
6QB8_h_6QB8_z,0,194,0.596,0.051,0.684
6QB8_q_6QB8_q,0,145,0.603,0.021,0.474
6QB8_q_6QB8_z,61,164,0.659,0.15,0.768
6QB8_z_6QB8_z,31,130,0.11599999999999999,0.01,0.225
6QCM_AB_6QCM_AB,60,71,0.489,0.245,0.8009999999999999
6QCM_AB_6QCM_AD,30,71,0.517,0.342,0.82
6QCM_AB_6QCM_CB,39,74,0.5379999999999999,0.508,0.828
6QCM_AB_6QCM_CD,36,67,0.515,0.381,0.825
6QCM_AB_6QCM_g,43,43,0.506,0.57,0.794
6QCM_AD_6QCM_CB,0,74,0.526,0.353,0.82
6QCM_AD_6QCM_CD,69,83,0.42700000000000005,0.251,0.79
6QCM_AD_6QCM_g,34,43,0.516,0.823,0.8740000000000001
6QCM_CB_6QCM_CB,62,76,0.513,0.33,0.8
6QCM_CB_6QCM_CD,0,69,0.473,0.386,0.81
6QCM_CB_6QCM_g,43,42,0.502,0.65,0.8140000000000001
6QCM_CD_6QCM_CD,78,71,0.406,0.294,0.706
6QCM_CD_6QCM_g,34,43,0.467,0.6,0.8029999999999999
6QCM_g_6QCM_g,50,40,0.33,0.036000000000000004,0.534
6R17_A_6R17_A,53,65,0.7120000000000001,0.534,0.638
6R17_A_6R17_D,56,48,0.6509999999999999,0.8190000000000001,0.7170000000000001
6R17_D_6R17_D,29,69,0.455,0.109,0.44
6RGL_B_6RGL_B,47,162,0.6759999999999999,0.32299999999999995,0.7070000000000001
6RGL_B_6RGL_C,100,163,0.622,0.10099999999999999,0.77
6RGL_B_6RGL_D,86,116,0.63,0.324,0.8
6RGL_C_6RGL_D,50,113,0.613,0.308,0.774
6RJ4_A_6RJ4_A,44,212,0.715,0.034,0.662
6RJ4_A_6RJ4_B,160,246,0.732,0.526,0.88
6RJ4_B_6RJ4_B,44,206,0.716,0.091,0.732
6RKE_A_6RKE_A,52,217,0.7140000000000001,0.035,0.669
6RKE_A_6RKE_B,251,251,0.732,0.52,0.8759999999999999
6RKE_B_6RKE_B,48,206,0.716,0.078,0.718
6RPJ_A_6RPJ_A,16,30,0.18899999999999997,0.021,0.28800000000000003
6RPJ_A_6RPJ_B,55,80,0.1,0.013999999999999999,0.27
6SKO_2_6SKO_6,146,286,0.655,0.034,0.588
6SKO_3_6SKO_6,0,277,0.643,0.028999999999999998,0.555
6SKO_4_6SKO_6,135,354,0.675,0.035,0.619
6SKO_5_6SKO_6,0,242,0.6809999999999999,0.059000000000000004,0.621
6SKO_6_6SKO_7,0,189,0.653,0.048,0.541
6UR8_A_6UR8_A,0,201,0.7240000000000001,0.12,0.738
6UR8_A_6UR8_B,140,187,0.7290000000000001,0.44299999999999995,0.773
6UR8_B_6UR8_B,92,151,0.721,0.185,0.733
6VAS_A_6VAS_A,0,58,0.599,0.499,0.638
6VAS_A_6VAS_B,57,70,0.63,0.816,0.8029999999999999
6VAS_B_6VAS_B,5,41,0.263,0.23199999999999998,0.469
6VL6_A_6VL6_A,30,37,0.218,0.02,0.307
6VL6_A_6VL6_B,34,25,0.544,0.9520000000000001,0.914
6VL6_B_6VL6_B,25,46,0.475,0.019,0.496
6WGF_2_6WGF_3,0,203,0.638,0.049,0.542
6WGF_2_6WGF_4,0,215,0.639,0.034,0.552
6WGF_2_6WGF_5,0,250,0.688,0.054000000000000006,0.605
6WGF_2_6WGF_6,113,288,0.672,0.027000000000000003,0.578
6WGF_2_6WGF_7,0,217,0.6809999999999999,0.034,0.55
6WGF_3_6WGF_4,0,202,0.665,0.045,0.552
6WGF_3_6WGF_5,171,288,0.7140000000000001,0.171,0.643
6WGF_3_6WGF_6,0,274,0.65,0.026000000000000002,0.531
6WGF_3_6WGF_7,120,289,0.7140000000000001,0.11599999999999999,0.626
6WGF_4_6WGF_5,2,185,0.579,0.027000000000000003,0.5379999999999999
6WGF_4_6WGF_6,127,312,0.71,0.102,0.629
6WGF_4_6WGF_7,90,255,0.716,0.111,0.594
6WGF_5_6WGF_6,0,272,0.6409999999999999,0.026000000000000002,0.594
6WGF_5_6WGF_7,1,218,0.669,0.021,0.593
6WGF_6_6WGF_7,0,188,0.6629999999999999,0.052000000000000005,0.547
6WNK_A_6WNK_A,44,104,0.579,0.013000000000000001,0.203
6WNK_A_6WNK_a,26,18,0.506,0.8340000000000001,0.838
6WNK_a_6WNK_a,40,53,0.61,0.38799999999999996,0.775
6WR2_A_6WR2_A,0,122,0.623,0.039,0.6970000000000001
6WR2_A_6WR2_h,20,36,0.16,0.039,0.616
6WR2_h_6WR2_h,108,104,0.5820000000000001,0.09300000000000001,0.708
6WVL_A_6WVL_A,24,64,0.496,0.071,0.721
6WVL_A_6WVL_D,112,74,0.677,0.5329999999999999,0.9
6WVL_D_6WVL_D,25,70,0.65,0.41600000000000004,0.8690000000000001
6WVR_B_6WVR_B,0,66,0.628,0.353,0.847
6WVR_B_6WVR_C,107,73,0.667,0.504,0.9009999999999999
6WVR_C_6WVR_C,0,66,0.519,0.114,0.758
6XOC_A_6XOC_B,135,141,0.725,0.77,0.843
6XOC_A_6XOC_H,0,180,0.7190000000000001,0.698,0.8440000000000001
6XOC_A_6XOC_L,39,135,0.725,0.696,0.887
6XOC_B_6XOC_H,5,143,0.728,0.8440000000000001,0.883
6XOC_B_6XOC_L,9,101,0.715,0.6609999999999999,0.85
6XOC_H_6XOC_L,114,132,0.727,0.8079999999999999,0.9079999999999999
6YKR_A_6YKR_A,146,11,0.14300000000000002,0.006999999999999999,0.374
6YKR_A_6YKR_F,52,83,0.27399999999999997,0.012,0.442
6YKR_F_6YKR_F,41,112,0.6,0.201,0.564
6YX7_CCC_6YX7_CCC,31,90,0.715,0.853,0.897
6YX7_CCC_6YX7_DDD,97,89,0.72,0.9179999999999999,0.92
6YX7_DDD_6YX7_DDD,9,98,0.718,0.848,0.909
6YYJ_A_6YYJ_A,87,79,0.718,0.912,0.92
6YYJ_A_6YYJ_B,99,96,0.721,0.9329999999999999,0.9309999999999999
6YYJ_B_6YYJ_B,62,95,0.696,0.447,0.8390000000000001
6Z46_A_6Z46_A,101,104,0.43200000000000005,0.021,0.54
6Z46_A_6Z46_a,28,25,0.28300000000000003,0.077,0.579
6Z46_a_6Z46_a,53,64,0.28600000000000003,0.012,0.301
6ZMX_A_6ZMX_A,5,55,0.679,0.9620000000000001,0.9359999999999999
6ZMX_A_6ZMX_B,59,55,0.68,0.955,0.932
6ZMX_B_6ZMX_B,8,57,0.662,0.927,0.919
7AH8_A_7AH8_A,0,173,0.7070000000000001,0.828,0.8809999999999999
7AH8_A_7AH8_B,162,161,0.72,0.898,0.9259999999999999
7AH8_B_7AH8_B,5,153,0.716,0.879,0.91
7AP5_AAA_7AP5_AAA,92,88,0.672,0.449,0.759
7AP5_AAA_7AP5_BBB,107,97,0.708,0.8190000000000001,0.885
7AP5_BBB_7AP5_BBB,25,103,0.555,0.11199999999999999,0.647
7CU5_B_7CU5_B,120,123,0.7190000000000001,0.508,0.652
7CU5_B_7CU5_E,28,59,0.56,0.375,0.7879999999999999
7CVO_A_7CVO_B,191,190,0.723,0.868,0.905
7D1L_A_7D1L_A,0,43,0.43700000000000006,0.14800000000000002,0.81
7D1L_A_7D1L_C,45,48,0.519,0.892,0.873
7D1L_C_7D1L_C,40,40,0.49,0.945,0.82
7D73_A_7D73_A,51,55,0.5,0.45299999999999996,0.851
7D73_A_7D73_E,39,38,0.626,0.937,0.863
7D73_E_7D73_E,41,30,0.483,0.6609999999999999,0.867
7D74_A_7D74_A,70,53,0.517,0.436,0.851
7D74_A_7D74_E,37,38,0.622,0.9390000000000001,0.866
7D74_E_7D74_E,37,28,0.522,0.685,0.87
7D7E_A_7D7E_B,150,199,0.722,0.389,0.735
7D7E_B_7D7E_B,174,175,0.73,0.39,0.743
7D7F_A_7D7F_C,153,199,0.722,0.39299999999999996,0.7340000000000001
7D7F_C_7D7F_C,168,176,0.728,0.377,0.7390000000000001
7DA1_B_7DA1_B,22,123,0.711,0.733,0.8420000000000001
7DA1_B_7DA1_C,166,173,0.7240000000000001,0.915,0.904
7DA1_C_7DA1_C,10,138,0.613,0.4,0.758
7DBH_B_7DBH_E,146,160,0.713,0.787,0.742
7DBH_C_7DBH_E,22,152,0.529,0.19899999999999998,0.612
7DBH_D_7DBH_E,0,182,0.48,0.23399999999999999,0.594
7DBH_E_7DBH_E,40,167,0.695,0.49200000000000005,0.617
7DMZ_A_7DMZ_A,0,65,0.49200000000000005,0.07400000000000001,0.735
7DMZ_A_7DMZ_E,91,73,0.6629999999999999,0.5329999999999999,0.904
7DMZ_E_7DMZ_E,0,66,0.654,0.452,0.8590000000000001
7DN0_D_7DN0_D,17,65,0.483,0.045,0.6890000000000001
7DN0_D_7DN0_E,92,73,0.667,0.547,0.903
7DN0_E_7DN0_E,19,64,0.628,0.41100000000000003,0.858
7DQC_A_7DQC_A,0,119,0.46,0.011000000000000001,0.252
7DQC_A_7DQC_D,151,194,0.725,0.562,0.877
7DQC_D_7DQC_D,0,39,0.557,0.276,0.762
7DV4_A_7DV4_A,31,43,0.35,0.035,0.537
7DV4_A_7DV4_B,53,48,0.141,0.031,0.309
7DV4_B_7DV4_B,53,95,0.228,0.025,0.368
7DY4_A_7DY4_A,7,59,0.672,0.9440000000000001,0.93
7DY4_A_7DY4_B,64,59,0.684,0.951,0.9329999999999999
7DY4_B_7DY4_B,8,55,0.669,0.898,0.907
7E87_B_7E87_B,2,150,0.7070000000000001,0.179,0.649
7E87_B_7E87_D,141,156,0.705,0.099,0.595
7E87_B_7E87_I,33,42,0.39399999999999996,0.71,0.86
7E87_D_7E87_D,2,149,0.708,0.175,0.6509999999999999
7E87_D_7E87_I,30,41,0.391,0.706,0.8590000000000001
7E87_I_7E87_I,0,38,0.242,0.445,0.516
7EFV_A_7EFV_A,53,81,0.7170000000000001,0.917,0.915
7EFV_A_7EFV_B,90,96,0.721,0.922,0.9259999999999999
7EFV_B_7EFV_B,0,92,0.7,0.509,0.867
7EFW_A_7EFW_A,78,81,0.7170000000000001,0.9129999999999999,0.912
7EFW_A_7EFW_B,98,94,0.721,0.9309999999999999,0.9309999999999999
7EFW_B_7EFW_B,10,94,0.698,0.49200000000000005,0.862
7JLK_A_7JLK_B,127,133,0.726,0.7959999999999999,0.907
7JLK_A_7JLK_H,12,63,0.503,0.38,0.8270000000000001
7JLK_A_7JLK_L,13,60,0.637,0.883,0.845
7JLK_B_7JLK_H,34,60,0.63,0.797,0.877
7JLK_B_7JLK_L,0,39,0.635,0.778,0.81
7JLK_H_7JLK_L,70,71,0.662,0.8270000000000001,0.8640000000000001
7JY0_B_7JY0_B,8,55,0.664,0.8740000000000001,0.895
7JY0_B_7JY0_C,62,59,0.6859999999999999,0.96,0.94
7JY0_C_7JY0_C,25,57,0.675,0.956,0.94
7JY1_A_7JY1_A,28,57,0.675,0.956,0.941
7JY1_A_7JY1_B,62,60,0.6859999999999999,0.9590000000000001,0.9390000000000001
7JY1_B_7JY1_B,9,55,0.662,0.858,0.887
7JY3_A_7JY3_A,25,59,0.682,0.9520000000000001,0.9359999999999999
7JY3_A_7JY3_B,61,59,0.6859999999999999,0.9590000000000001,0.938
7JY3_B_7JY3_B,7,55,0.6629999999999999,0.8590000000000001,0.889
7KEU_A_7KEU_A,19,122,0.488,0.151,0.647
7KEU_A_7KEU_G,47,34,0.243,0.389,0.66
7KEU_G_7KEU_G,14,192,0.35100000000000003,0.092,0.42100000000000004
7KJR_A_7KJR_A,191,230,0.523,0.10099999999999999,0.629
7KJR_A_7KJR_C,13,31,0.038,0.016,0.24600000000000002
7KJR_C_7KJR_C,0,224,0.479,0.015,0.32799999999999996
7KUY_B_7KUY_B,170,144,0.7190000000000001,0.039,0.603
7KUY_B_7KUY_E,168,171,0.7140000000000001,0.139,0.728
7L6M_g_7L6M_g,0,116,0.7170000000000001,0.511,0.7659999999999999
7L6M_g_7L6M_h,118,135,0.728,0.792,0.9009999999999999
7L6M_h_7L6M_h,31,148,0.703,0.529,0.83
7LXB_A_7LXB_A,0,62,0.46299999999999997,0.048,0.687
7LXB_A_7LXB_B,55,75,0.677,0.557,0.9
7LXB_B_7LXB_B,0,63,0.632,0.433,0.8420000000000001
7M18_A_7M18_A,0,67,0.523,0.038,0.6509999999999999
7M18_A_7M18_B,67,73,0.664,0.5379999999999999,0.898
7M18_B_7M18_B,0,64,0.589,0.37,0.8370000000000001
7M20_A_7M20_A,0,66,0.474,0.026000000000000002,0.635
7M20_A_7M20_B,58,71,0.6659999999999999,0.521,0.9
7M20_B_7M20_B,0,63,0.637,0.442,0.847
7M6J_A_7M6J_A,0,108,0.655,0.326,0.866
7M6J_A_7M6J_B,110,124,0.7,0.591,0.843
7M6J_A_7M6J_C,0,135,0.6859999999999999,0.289,0.8540000000000001
7M6J_B_7M6J_B,0,254,0.691,0.174,0.642
7M6J_B_7M6J_C,145,312,0.733,0.41700000000000004,0.733
7M6J_C_7M6J_C,69,94,0.7020000000000001,0.8390000000000001,0.6579999999999999
7N32_w_7N32_w,35,65,0.43799999999999994,0.042,0.69
7N32_w_7N32_x,121,81,0.667,0.486,0.902
7N32_x_7N32_x,32,67,0.589,0.287,0.831
7NG8_A_7NG8_A,190,195,0.733,0.873,0.838
7NG8_A_7NG8_D,89,26,0.273,0.01,0.21600000000000003
7OCX_A_7OCX_A,40,38,0.491,0.9520000000000001,0.8490000000000001
7OCX_A_7OCX_C,23,20,0.344,0.917,0.835
7OCX_C_7OCX_C,0,45,0.376,0.077,0.785
7OFQ_A_7OFQ_A,52,102,0.266,0.013999999999999999,0.233
7OFQ_A_7OFQ_B,117,137,0.616,0.023,0.499
7OFQ_B_7OFQ_B,58,135,0.14400000000000002,0.013000000000000001,0.187
7P30_2_7P30_2,0,163,0.557,0.017,0.45
7P30_2_7P30_3,5,218,0.621,0.044000000000000004,0.545
7P30_2_7P30_4,3,219,0.6509999999999999,0.03,0.547
7P30_2_7P30_5,232,243,0.6890000000000001,0.057999999999999996,0.599
7P30_2_7P30_6,178,279,0.6859999999999999,0.034,0.585
7P30_2_7P30_7,0,211,0.672,0.034,0.556
7PCS_A_7PCS_A,144,158,0.6940000000000001,0.066,0.6759999999999999
7PCS_A_7PCS_B,110,107,0.688,0.14800000000000002,0.773
7PCS_B_7PCS_B,131,139,0.705,0.10099999999999999,0.708
7Q54_Q_7Q54_Q,137,127,0.728,0.633,0.718
7Q54_Q_7Q54_R,90,126,0.727,0.691,0.754
7Q54_R_7Q54_R,109,125,0.728,0.616,0.753
7Q55_O_7Q55_O,144,127,0.728,0.644,0.7190000000000001
7Q55_O_7Q55_P,89,124,0.727,0.715,0.757
7Q55_P_7Q55_P,139,125,0.728,0.643,0.757
7Q56_I_7Q56_I,144,133,0.727,0.6890000000000001,0.835
7Q56_I_7Q56_J,84,134,0.7240000000000001,0.627,0.858
7Q56_J_7Q56_J,141,128,0.725,0.455,0.84
7QL5_A_7QL5_A,0,210,0.715,0.172,0.703
7QL5_A_7QL5_B,166,200,0.7190000000000001,0.353,0.7559999999999999
7QL5_A_7QL5_C,0,207,0.726,0.522,0.79
7QL5_A_7QL5_E,198,211,0.73,0.511,0.77
7QUP_10A_7QUP_10A,20,91,0.495,0.012,0.402
7QUP_10A_7QUP_2B,88,76,0.672,0.5429999999999999,0.9159999999999999
7QUP_2B_7QUP_2B,20,78,0.6559999999999999,0.321,0.862
7QUQ_A_7QUQ_A,0,58,0.52,0.012,0.258
7QUQ_A_7QUQ_D,141,88,0.6409999999999999,0.429,0.8690000000000001
7QUQ_D_7QUQ_D,0,72,0.13699999999999998,0.011000000000000001,0.28600000000000003
7RH9_B_7RH9_C,159,173,0.708,0.139,0.705
7RH9_C_7RH9_C,166,189,0.705,0.36,0.7190000000000001
7RHL_B_7RHL_C,165,162,0.7140000000000001,0.272,0.706
7RHL_C_7RHL_C,195,190,0.7040000000000001,0.349,0.721
7RWZ_A_7RWZ_B,6,183,0.402,0.01,0.188
7RWZ_B_7RWZ_B,146,111,0.522,0.012,0.282
7SMM_A_7SMM_A,0,214,0.723,0.23800000000000002,0.706
7SMM_A_7SMM_B,188,208,0.727,0.5489999999999999,0.792
7SMM_A_7SMM_C,0,198,0.7190000000000001,0.33299999999999996,0.755
7SMM_A_7SMM_E,184,213,0.7290000000000001,0.504,0.772
7TNT_2A_7TNT_2A,24,65,0.5710000000000001,0.025,0.631
7TNT_2A_7TNT_5A,109,74,0.679,0.598,0.909
7TNT_5A_7TNT_5A,28,70,0.643,0.327,0.8490000000000001
7UKG_A_7UKG_A,81,194,0.732,0.214,0.7
7UKG_A_7UKG_I,37,65,0.5329999999999999,0.052000000000000005,0.615
7UKG_I_7UKG_I,0,99,0.723,0.7609999999999999,0.884
7VD6_12_7VD6_13,9,86,0.239,0.013999999999999999,0.259
7VD6_12_7VD6_16,0,80,0.588,0.43700000000000006,0.728
7VD6_12_7VD6_17,0,88,0.527,0.18100000000000002,0.653
7VD6_12_7VD6_19,0,38,0.061,0.01,0.19
7VD6_12_7VD6_20,0,209,0.34700000000000003,0.011000000000000001,0.212
7VD6_12_7VD6_21,0,19,0.087,0.016,0.292
7VD6_13_7VD6_13,8,24,0.217,0.245,0.588
7VD6_13_7VD6_16,15,81,0.079,0.012,0.217
7VD6_13_7VD6_17,7,29,0.154,0.016,0.28800000000000003
7VD6_13_7VD6_19,9,13,0.085,0.01,0.21
7VD6_13_7VD6_20,0,213,0.315,0.011000000000000001,0.222
7VD6_13_7VD6_21,26,60,0.192,0.013999999999999999,0.258
7VD6_16_7VD6_17,17,90,0.624,0.445,0.757
7VD6_16_7VD6_19,62,62,0.157,0.011000000000000001,0.201
7VD6_16_7VD6_20,8,63,0.107,0.013000000000000001,0.36
7VD6_16_7VD6_21,0,32,0.188,0.016,0.23
7VD6_17_7VD6_19,33,32,0.153,0.012,0.214
7VD6_17_7VD6_20,0,80,0.484,0.127,0.628
7VD6_17_7VD6_21,15,23,0.145,0.013000000000000001,0.302
7VD6_19_7VD6_20,0,19,0.11800000000000001,0.013999999999999999,0.20600000000000002
7VD6_19_7VD6_21,0,59,0.41,0.013000000000000001,0.231
7VD6_20_7VD6_21,0,85,0.28600000000000003,0.013999999999999999,0.314
7VRT_aa_7VRT_aa,232,330,0.728,0.066,0.654
7VRT_aa_7VRT_hg,34,253,0.58,0.022000000000000002,0.534
7VRT_hg_7VRT_hg,160,256,0.616,0.033,0.608
7W8G_2_7W8G_2,0,158,0.598,0.015,0.428
7W8G_2_7W8G_3,8,213,0.64,0.048,0.547
7W8G_2_7W8G_4,5,219,0.632,0.03,0.545
7W8G_2_7W8G_5,267,249,0.688,0.047,0.598
7W8G_2_7W8G_6,196,276,0.6829999999999999,0.033,0.578
7W8G_2_7W8G_7,0,211,0.674,0.038,0.564
7W8G_3_7W8G_3,6,113,0.161,0.01,0.361
7W8G_3_7W8G_4,0,206,0.674,0.045,0.552
7W8G_3_7W8G_5,313,289,0.711,0.16699999999999998,0.639
7W8G_3_7W8G_6,0,282,0.649,0.024,0.537
7W8G_3_7W8G_7,280,286,0.711,0.142,0.637
7W8G_4_7W8G_4,0,48,0.295,0.011000000000000001,0.344
7W8G_4_7W8G_5,2,169,0.596,0.037000000000000005,0.54
7W8G_4_7W8G_6,325,326,0.715,0.139,0.623
7W8G_4_7W8G_7,278,264,0.7090000000000001,0.109,0.596
7W8G_5_7W8G_5,8,10,0.034,0.01,0.363
7W8G_5_7W8G_6,4,299,0.618,0.024,0.594
7W8G_5_7W8G_7,125,219,0.6609999999999999,0.032,0.586
7W8G_6_7W8G_6,8,146,0.076,0.01,0.341
7W8G_6_7W8G_7,10,188,0.6459999999999999,0.052000000000000005,0.542
7W8G_7_7W8G_7,0,198,0.624,0.015,0.493
7WM1_A_7WM1_A,2,240,0.711,0.132,0.612
7WM1_A_7WM1_B,166,281,0.7070000000000001,0.073,0.575
7WM1_B_7WM1_B,18,184,0.7070000000000001,0.142,0.573
7X57_A_7X57_A,33,158,0.601,0.243,0.589
7X57_A_7X57_B,135,162,0.711,0.721,0.758
7XUF_A_7XUF_A,16,188,0.653,0.10300000000000001,0.579
7XUF_A_7XUF_B,137,302,0.72,0.062,0.591
7XUF_B_7XUF_B,3,263,0.716,0.064,0.613
7Y4Q_B_7Y4Q_B,0,41,0.586,0.149,0.7120000000000001
7Y4Q_B_7Y4Q_D,54,59,0.684,0.639,0.868
8A3J_A_8A3J_A,8,47,0.368,0.665,0.647
8A3J_A_8A3J_B,48,45,0.381,0.805,0.6890000000000001
8A3J_B_8A3J_B,3,30,0.042,0.026000000000000002,0.171
8B42_A_8B42_A,111,131,0.7190000000000001,0.21100000000000002,0.642
8B42_A_8B42_E,90,138,0.728,0.353,0.74
8B42_E_8B42_E,70,119,0.684,0.175,0.655
8C5C_A_8C5C_A,22,67,0.467,0.04,0.6759999999999999
8C5C_A_8C5C_b,101,72,0.664,0.547,0.902
8C5C_b_8C5C_b,26,66,0.659,0.488,0.87
8CZO_E_8CZO_E,22,30,0.149,0.146,0.486
8CZO_E_8CZO_a,25,34,0.46399999999999997,0.6709999999999999,0.8
8CZO_a_8CZO_a,0,63,0.061,0.016,0.35600000000000004
